79027.4,71.3812,4438.2,0,0
261869,58.7746,2382.23,0,0
84879.2,192.342,3636.05,0,0
671797,102.539,1906.45,0,0
83048.8,16.65,1077.93,0,0
128371,479.98,3156.44,0,0
160359,81.0717,4871.37,0,0
32643.4,57.0701,1352.62,0,0
563846,133.236,927.701,0,0
180507,242.701,2672.27,0,0
660684,163.838,3239.71,2,1
229505,132.603,5222.91,0,0
90235.8,162.88,563.454,0,0
58400.8,81.5637,1474.55,0,0
17479.6,276.317,661.015,0,0
317285,315.895,6023.45,0,0
38688.9,92.0588,1040.88,0,0
66835.1,34.3763,4076.8,0,0
28081.7,49.0365,1212.78,0,0
67999.4,225.968,3559.19,0,0
74016.1,183.547,1758.38,0,0
194840,120.708,2462.73,0,0
198271,48.9618,2763.92,0,0
99473.9,74.7702,2721.51,0,0
60758,99.9609,1764.54,0,0
245259,42.9158,1776.82,0,0
59964.7,179.66,2492.89,0,0
245229,109.018,3134.87,11,1
81277.4,73.869,986.507,0,0
72945.4,50.133,1445.77,0,0
158974,174.852,1880.82,0,0
257565,57.2217,2646.51,0,0
123392,240.166,1098.32,0,0
705037,136.353,4771.95,4,1
244072,129.417,3176.13,0,0
86840.8,82.9456,941.181,0,0
668123,234.046,3177.29,0,0
50828.5,142.187,1212.63,0,0
1.12848e+06,299.461,3604.6,14,1
427188,169.75,2777.94,0,0
305124,85.3315,3312.07,0,0
243073,47.3931,740.049,0,0
71743.9,44.6109,1189.06,0,0
92651.4,186.976,5321.01,0,0
36413.7,69.0393,1216.96,0,0
26755.5,175.526,1821.15,0,0
119900,181.767,534.341,0,0
144305,93.8199,1855.38,0,0
228308,619.924,5132.56,0,0
132493,163.923,5985.96,0,0
133207,183.85,1279.8,0,0
587867,246.964,3847.73,-1,1
57619.6,115.91,3194.59,0,0
61625.5,116.014,2489.25,0,0
136855,125.962,2246.27,0,0
868774,186.812,3400.83,0,0
322720,292.362,3536.11,0,0
127920,206.274,2160.69,1,1
86553.4,261.983,3044.83,9,1
73910.6,131.68,2603.4,0,0
71293.1,279.152,1384.94,10,1
66154.5,239.331,3349.41,0,0
148153,43.8405,2015.87,0,0
101179,66.3364,1486.58,0,0
114945,90.817,2192.88,0,0
117238,175.105,2011.64,0,0
62808,106.342,1894.76,0,0
89378.1,213.562,1623.98,0,0
145457,360.288,3096.47,0,0
8888.45,136.398,2313.74,0,0
512988,95.0183,2694.23,0,0
222.244,92.4732,5274.9,0,0
135198,183.582,2730.71,0,0
180672,59.0639,1337.81,0,0
111212,243.481,5145.95,10,1
49446.4,19.9319,3687.5,0,0
144873,366.558,2187.58,0,0
66328.4,85.1168,957.243,0,0
71278.6,190.185,3987.44,0,0
96815.4,97.8278,2503.16,0,0
95980.5,215.823,1910.94,0,0
140717,169.925,4788.07,0,0
100965,107.028,2188.57,0,0
79035.7,99.5911,4577.66,0,0
461653,405.737,4108.08,0,0
55358.7,45.628,3179.81,0,0
175549,118.425,2224.48,0,0
115811,62.7679,3113.34,0,0
206592,111.509,4316.84,0,0
495408,138.328,5679.27,0,0
123371,128.527,1689.51,0,0
16761.9,94.1487,1135.79,0,0
5603.01,89.4502,2430.7,0,0
181850,277.468,1410.13,0,0
18385.7,108.909,2278.55,0,0
61524,165.487,2868.89,0,0
144442,269.225,2817.16,0,0
264343,366.953,1210.38,0,0
45741.1,66.6828,1567.39,0,0
63631.3,209.345,2212.36,18,1
53423.3,79.0499,1110.51,0,0
166420,249.003,3938.06,0,0
237161,238.176,2330.3,0,0
311615,47.4927,1143.79,0,0
73670.3,123.932,2535.15,0,0
167076,232.147,2411.86,0,0
40470,138.056,4778.32,0,0
198910,278.577,4662.79,0,0
134647,64.2418,1527.38,0,0
258934,179.238,3120.84,6,1
58887.7,145.678,2417.11,0,0
112480,197.018,1301.19,0,0
82864.3,59.5655,621.424,0,0
128345,40.0121,1872.04,0,0
21555.4,172.396,2205.41,0,0
79594.8,147.882,1919.18,0,0
368834,99.5292,883.179,0,0
135039,71.1806,2065.16,0,0
87428.3,269.816,1443.74,0,0
64602.8,206.707,842.752,0,0
814625,68.407,2801.11,0,0
120850,165.452,1826.71,0,0
44230.2,115.126,3695.29,0,0
226035,45.7023,3084.53,0,0
94684,89.5064,977.595,0,0
178009,131.909,4414.66,0,0
615255,123.706,2738.13,16,1
103205,163.665,3065.68,0,0
496189,407.308,3730.64,1,1
486211,389.184,6680.64,0,0
395297,171.423,2290.37,0,0
74883.8,69.4649,832.407,0,0
277962,68.9758,3369.99,0,0
244929,104.372,1936.38,0,0
125626,40.4749,1645.88,0,0
217381,167.732,2640.1,0,0
97989.2,287.481,3794.55,0,0
165236,46.5046,2754.67,0,0
25910.6,89.5399,1907.55,0,0
98780,174.873,2723.47,0,0
330632,117.983,1856.68,0,0
100481,163.724,2350.79,0,0
133711,174.016,930.065,0,0
43783.1,99.3458,2730.84,0,0
174940,147.99,2149.17,0,0
506500,76.1306,2843.53,0,0
170272,177.514,2017.57,10,1
319418,66.7561,2004.31,0,0
99315.2,259.604,2835.57,0,0
336.95,43.7825,435.474,0,0
53772.5,137.114,3985.42,0,0
40096.4,71.7725,1856.97,0,0
171775,256.069,1116.69,0,0
18442.5,228.217,1775.18,0,0
108344,305.175,3040.52,0,0
181677,86.8504,3579.51,0,0
168116,537.95,2920.52,0,0
456998,179.633,1880.83,0,0
51273.2,185.18,1624.99,0,0
56385.5,101.235,1639.74,0,0
142977,188.819,2918.88,0,0
294995,63.4814,1706.12,13,1
400459,362.005,1330.39,0,0
189521,144.708,1584.8,0,0
42659.2,7.09512,710.142,0,0
146697,132.464,2425.57,0,0
23227.4,77.1163,2877.09,0,0
26207.3,593.859,4636.22,0,0
584951,117.454,4276.59,2,1
296084,31.5989,2690.56,0,0
42603.5,91.2639,1672.72,0,0
160927,185.076,3040.81,12,1
3355.48,33.6278,312.208,0,0
34475.7,52.5349,1441.73,0,0
31063.8,141.086,2924.52,0,0
197964,69.0196,3459.48,0,0
526532,231.108,3577.24,0,0
418275,132.161,2815.65,4,1
173488,59.9042,2416.98,0,0
115739,120.494,1993.99,0,0
107392,159.659,1397.07,0,0
121923,173.736,1605.88,6,1
42852,130.704,3541.73,0,0
289972,71.2751,3218.39,0,0
48992.4,131.788,1136.17,0,0
262365,11.8102,2871.05,0,0
82650.4,62.0993,679.55,0,0
88065.1,110.875,1527.45,0,0
59733.8,168.56,1048.29,0,0
264802,262.774,3932.65,0,0
474780,220.65,6820.93,4,1
477904,341.112,3892.49,0,1
2965.83,14.0375,759.879,0,0
106294,169.274,4658.9,0,0
39925.8,76.6272,2992.02,0,0
121799,74.2594,1823.43,4,1
373368,134.983,1612.91,14,1
108284,94.5729,2002.88,0,0
434274,155.875,3843.1,0,0
207194,225.949,3202.09,0,0
157461,121.519,2872.07,0,0
171803,36.2838,2746.16,0,0
89694.8,111.402,1264.64,0,0
28096.4,98.3337,1258.24,0,0
38817.5,98.1429,2389,0,0
56026.1,238.848,2860.93,0,1
70392.8,185.457,2165.45,0,0
142738,39.5192,1047.71,0,0
13558.2,176.049,2373.59,0,0
70534.7,93.4687,1889.94,0,0
13693.9,80.2534,2210.12,0,0
335606,262.042,4454.74,0,0
48957.5,51.8208,3439.81,0,0
154138,180.645,4262.33,0,0
39896.8,202.43,1193.61,0,0
64798.3,104.105,2421.32,0,0
84770.8,64.0094,926.015,0,0
133310,147.451,1992.16,0,0
79318.1,146.313,1780.02,0,0
121916,279.617,3148.01,0,0
57638.4,53.1833,1549.49,0,0
122201,118.022,4230.99,0,0
162030,93.0961,3529.93,0,0
135128,69.7082,2176.26,0,0
72925.6,34.1158,1895.48,0,0
115990,433.696,1847.78,0,0
84.6118,218.264,2827.29,0,0
25751.7,70.266,3911.58,0,0
93022.6,94.8533,2469.9,0,0
105716,144.363,2220.56,0,0
60588.7,212.772,2226.56,0,0
84043.7,255.306,2459.74,0,0
72041.1,92.04,354.207,0,0
241808,135.924,6830.55,0,0
34119.2,189.828,3955.16,0,0
21347.6,62.5272,1161.17,0,0
28797,65.1456,2287.58,0,0
159282,353.699,2280.88,0,0
182570,80.8016,4068.42,0,0
79864.9,75.599,846.054,0,0
116868,116.056,2533.44,0,0
49562.5,70.1109,2017.22,0,0
71273.2,92.5259,1208.27,0,0
95051,214.938,3718.61,0,0
11537.5,104.794,1765.37,0,0
49612,248.499,2267.39,0,0
28255.6,99.1403,2364.9,0,0
123082,161.09,1835.78,0,0
99750.6,60.2176,1699.7,0,0
226758,102.102,2095.46,0,0
24120.3,284.77,1455.85,0,0
97629.1,117.684,2642.8,8,1
40609.4,98.4326,1844.17,0,0
32135.1,142.547,1984.3,0,0
35671.3,51.1546,1136.4,0,0
245976,130.351,2994.23,0,0
176876,116.433,2942.18,6,1
205913,73.2821,2441.24,0,0
53641,36.024,1023.26,0,0
39984.3,132.991,1579.52,0,0
32030.4,172.412,1898.3,0,0
63153.6,102.707,2740.14,0,0
65963.9,198.977,2631.99,0,0
84944,17.6572,5712.47,0,0
323572,129.621,4623.98,8,1
40175.9,57.2426,1082.15,0,0
92398.3,270.879,1338.97,0,0
64448.5,96.7918,3313.75,0,0
163915,101.946,2598.42,0,0
167111,81.4989,2419.87,0,0
210812,117.205,3585.19,0,0
129492,186.08,2698.97,0,0
276459,262.111,34794,14,1
191823,170.448,5073.2,0,0
219530,108.101,3533.82,0,0
84124.6,196.492,1104.94,0,0
52050.4,204.054,1365.98,0,0
62528.8,66.6953,1782.97,0,0
52788.7,65.0969,4646.39,0,0
81115.1,136.736,1514.57,0,0
167293,77.6891,1203.1,0,0
2337.29,91.5155,2391.5,0,0
182906,613.482,1775.62,0,0
183831,139.14,3721.97,0,0
163512,69.348,6271.63,0,0
2111.18,152.621,834.095,0,0
374004,95.4375,3856.55,10,1
91457.9,261.107,1115.34,0,0
335944,131.474,5063.05,0,0
83063.6,52.2828,2799.42,0,0
65759.5,116.996,2681.69,0,0
105275,66.9802,3301.3,0,0
130721,91.4012,1301.48,0,0
109245,285.865,1995.52,0,0
85710.4,76.7778,3238.29,0,0
102981,186.872,3282.15,0,0
39838.9,37.2997,1332.11,0,0
168691,73.9653,2957.99,0,0
120780,125.917,2487.33,0,0
90146,35.4422,742.129,0,0
677004,90.235,1695.27,0,0
429329,98.3451,2617.41,0,0
55854,431.087,1964.03,0,0
120660,96.3609,2041.44,0,0
108106,55.7707,1829.13,0,0
50888.2,36.2624,1587.47,0,0
66076.6,57.3353,2193.91,0,0
106106,64.1615,2832.66,0,0
336856,347.307,3331.13,13,1
145954,102.15,1484.59,19,1
208022,275.411,1496.19,0,0
17651.1,218.806,1806.54,0,0
105968,428.653,2485.57,0,0
213028,237.921,4453.41,0,0
50656.6,242.773,1266.54,0,0
85643.2,332.179,1657.77,0,0
141553,214.792,1754.75,0,0
92125.5,112.131,2600.02,0,0
21265.4,211.795,1430.9,0,0
143323,134.462,6329.29,0,0
11374,243.592,1389.25,0,0
418111,499.782,3055.59,0,0
133216,151.383,2183.02,0,0
492885,246.81,2326.12,0,0
462912,113.794,1528.1,0,0
96458,127.436,1638.79,0,0
664044,406.271,6759.62,0,0
63414.2,207.693,2425.26,0,0
207808,113.254,1572.65,0,0
106127,180.348,1850.13,0,0
44685.7,113.743,2019.37,0,0
1.21965e+06,236.289,2648.41,0,0
97864.4,125,3240.08,0,0
172992,175.864,5736.2,0,0
48255.8,385.552,1445.53,0,0
34687.1,61.9825,1237.91,0,0
136436,166.053,5864.36,0,0
524772,241.105,3791.24,0,0
161156,208.548,1139.98,0,0
4318.37,36.1941,2516.38,0,0
125180,268.919,2362.51,2,1
120193,219.317,1942.42,0,0
429666,189.2,6570.97,8,1
63217.6,15.2237,1241.61,0,0
122263,132.977,3592.43,0,0
86266.9,414.762,1950.1,0,0
231003,425.176,3892.59,0,0
83012.1,121.931,1489.44,0,0
73868.8,423.297,1871.34,0,0
224655,271.361,6017.78,0,0
167018,41.0605,1952.65,0,0
145349,298.472,2309,0,0
151493,229.063,2241.3,0,0
280585,193.7,2041.26,7,1
193185,261.978,3305.91,0,0
74885.1,67.9365,1599.38,0,0
57199.6,156.084,2857.99,0,0
20726.5,84.2445,3930.08,0,0
77957.3,159.507,1139.11,0,0
187262,169.227,5493.38,0,0
128681,111.6,2996.17,0,0
202847,165.262,905.238,0,0
77616.7,176.63,2178.36,0,0
57625.7,204.405,2669.47,0,0
104483,62.261,2530.34,0,0
154395,73.0871,2913.13,0,0
103871,153.153,1587.32,0,0
100387,66.2436,3178.87,0,0
94190,200.91,2422.76,0,0
140108,152.119,1569.27,0,0
124950,357.595,1918.93,0,0
158097,205.626,4233.06,0,0
278808,219.942,3104.04,2,1
289189,68.6786,3586.4,0,0
152864,182.143,2578.62,0,0
294097,84.0906,2441.76,0,0
68110.1,261.265,2178.13,0,0
81864.9,261.049,2222.62,0,0
96691.8,314.079,1319.87,0,0
14041.7,135.529,2936.33,0,0
76935.2,18.6408,2181.46,0,0
87787.2,37.6974,2079.48,0,0
192216,63.3076,2100.57,8,1
403946,70.3151,2473.42,0,0
157025,71.0611,2304.98,0,0
479699,47.6508,889.226,8,1
42744.5,258.278,1497.39,0,0
242510,71.5402,2772.63,0,0
193781,175.89,2433.56,0,0
1.1282e+06,253.401,2829.56,9,1
31539.8,131.815,1178.31,0,0
145278,120.929,2800.26,0,0
174807,284.612,2253.15,0,0
236878,41.0406,2934.02,0,0
449688,178.251,2578.43,0,0
148314,59.3942,3247.13,12,1
41050.9,144.676,623.797,0,0
163269,47.113,1636.27,0,0
206660,195.983,3931.87,0,0
232304,137.825,2903.83,0,0
339643,178.445,3153.44,0,0
93298.9,192.043,4086.8,0,0
108750,88.3433,3436.23,0,0
2422.93,168.13,885.877,0,0
31609.3,311.696,4719.66,0,0
142513,43.6835,785.395,0,0
278830,245.327,1876.32,0,0
257838,200.076,3646.45,0,0
219134,270.768,4090.57,0,0
353139,64.092,2985.87,2,1
177260,152.322,3230.84,0,0
22570,168.112,950.843,0,0
202650,232.791,3060.56,0,0
190483,148.86,1553.74,14,1
345057,67.4244,1934.98,0,0
132814,356.504,3497.55,0,0
191197,175.316,4449.05,14,1
137035,340.788,1554.93,0,0
44334.6,76.5786,1392.29,0,0
77536.9,21.5268,833.515,0,0
518290,228.799,2033.34,0,0
78952.6,150.808,2594.09,0,0
87571.8,113.628,1525.08,0,0
256287,265.907,4228.3,0,0
75578,89.9184,2846.57,0,0
275626,215.527,1126.15,0,0
41838.5,116.03,4467.74,0,0
269592,271.373,2017.42,0,0
145373,74.9174,1962.76,0,0
52234.8,273.865,1457.27,0,0
24073.2,30.2551,2659.83,0,0
96884.4,53.9365,3063.71,0,0
176873,207.597,1776.91,0,0
168641,158.579,1755.8,0,0
97871.3,115.699,1642.05,0,0
371584,117.642,3002.83,0,0
237844,132.228,1828.77,0,0
75741.9,87.795,1718.9,0,0
46902.9,133.838,767.555,0,0
199986,153.603,2809.84,0,0
9589.31,103.846,2876.11,0,0
291495,61.0785,5226.27,0,0
199433,194.522,2745.77,0,0
206439,136.359,1047.12,0,0
277675,49.4874,1842.57,0,0
176007,66.1389,1622.23,-1,1
625598,250.909,2037.31,0,0
108563,36.8801,2459.08,0,0
174523,197.002,5578.84,0,0
353383,349.227,12025.2,0,0
200455,159.255,2196.9,0,0
152627,126.018,2285.16,0,0
54855.3,129.291,2558.39,0,0
75180,78.2521,3948.01,0,0
32529.8,185.987,1905.16,0,0
110647,117.597,3804.1,0,0
187071,210.429,3754.18,0,0
75438.6,79.6286,3135.27,0,0
89996.9,491.35,1596.92,0,0
44465.3,87.1055,1888.44,0,0
92157.8,142.69,1504.87,0,0
146025,32.1161,2735.39,0,0
143563,114.629,3798.75,0,0
117105,178.286,2224.23,0,0
174712,78.2016,1692.53,0,0
85798.2,147.448,2020.88,0,0
234486,123.857,2359.03,0,0
159770,229.628,1502.48,0,0
52702.8,175.423,3800.98,0,0
90362.5,101.769,4217.43,4,1
63883.7,74.0197,3827.94,0,0
135598,151.856,5704.5,0,0
95943.8,159.408,1915.79,0,0
65505.5,118.537,2117.4,0,0
69984.6,85.1749,2906.33,0,0
53637.7,206.536,1539.22,0,0
170515,124.95,2837.99,12,1
35799.1,71.1192,1053.85,0,0
292017,122.104,1564.31,0,0
56511.3,153.816,2127,0,0
123788,73.1946,1778.73,0,0
326265,155.937,2946.95,0,0
36654.1,115.403,4462.23,0,0
1130.42,126.304,1199.41,0,0
35179.5,153.511,1320.33,0,0
39016,289.408,1571.41,0,0
225866,100.974,3282.45,0,0
312432,423.801,3576.73,0,0
182077,216.926,3820.51,0,0
343836,396.585,3314.45,0,0
201653,119.57,3590.92,0,0
195135,127.4,3702.32,0,0
135222,275.801,2351.8,0,0
65923,78.4785,3080.19,0,0
522834,82.828,2743.98,0,0
269826,161.641,4474.84,3,1
144112,74.0694,444.858,0,0
90040.1,123.226,589.517,0,0
77905,131.372,1862.85,14,1
291930,173.202,14770.2,0,0
204635,84.4477,2828.74,12,1
155691,309.618,2696.43,0,0
282995,178.974,3195.27,0,0
85689.3,85.2944,1707.78,0,0
268475,169.408,1658.96,0,0
273481,110.996,1509.81,0,0
19371.7,94.0816,859.457,0,0
38826.1,196.85,2887.79,0,0
99649.1,165.301,1235.67,0,0
131025,179.961,2571.27,0,0
32123.4,134.291,1082.26,0,0
33321.5,143.489,1707.28,0,0
168981,114.501,2788.52,0,0
212010,121.009,3896.14,0,0
90870.3,202.084,2370.73,0,0
35240.4,66.1835,2747.59,0,0
52514,151.86,1460.99,0,0
57089.2,131.735,1446.76,0,0
15898.3,60.8654,1584.44,0,0
60526.7,177.768,765.841,0,0
216190,266.692,2877.47,0,0
188330,65.1868,2817.88,0,0
151446,96.1328,2591.06,0,0
80796,40.1703,1530.22,0,0
172341,166.665,4876.82,16,1
45167.3,282.163,1175.44,0,0
122023,144.532,4054.49,0,0
83631.7,75.8054,1860.02,0,0
144597,148.524,3058.3,0,0
37892.3,246.577,2642.03,0,0
3737.39,270.018,1299.58,0,0
222806,292.577,6345.5,0,0
17341.6,90.1066,521.567,0,0
152384,84.4806,3212.57,0,0
282439,246.502,4386.18,5,1
340196,120.583,2708.49,16,1
77331.7,137.068,1582.97,0,0
688363,94.523,3688.82,0,0
138149,47.021,1251.53,0,0
30326.3,96.3648,2796.22,0,0
56980.1,111.564,3276.42,0,0
238480,130.155,2200.23,0,0
78560.1,157.02,2451.67,0,0
105303,64.9921,1486.28,0,0
65457.9,16.9238,3639,0,0
122105,168.914,2055.61,0,0
87090.9,19.1165,932.081,0,0
38284.9,63.0392,1525.28,0,0
302757,221.235,3023.18,0,0
98264.6,32.7886,2822.42,0,0
149246,138.399,3146.72,0,0
313641,127.599,2364.13,0,0
168754,83.783,2248.56,0,0
63849.1,148.135,2017.41,0,0
65283.5,50.9718,863.713,0,0
106886,143.765,878.143,0,0
500829,317.12,6567.71,0,0
97381.2,147.564,2253.21,0,0
144337,171.645,4390.27,0,0
168843,252.033,3396.58,13,1
25723.5,146.774,1653.5,0,0
1.00488e+06,173.119,4937.22,8,1
23442.2,76.6021,1467.07,0,0
49414.2,83.6791,2476.04,0,0
367719,243.914,4307.81,0,0
70180.3,67.5797,922.791,0,0
222016,226.498,4168.11,15,1
751394,242.956,1896.31,5,1
179667,198.118,2807.49,0,0
72904,0.653844,1821.61,0,0
141644,2.04855,1008.91,0,0
75894.7,133.233,2627.46,0,0
95779.4,63.4575,1722.57,0,0
110841,63.5155,1472.87,13,1
707027,196.668,1777.54,17,1
75550.3,3.57972,1026.51,0,0
144607,148.376,2284.95,3,1
259036,180.609,2915.75,0,0
816503,101.84,888.399,0,0
150511,32.6976,1654.7,0,0
79302.7,207.922,1641.75,0,0
94286.3,148.138,2445.07,0,0
221851,140.329,2366.45,0,0
131123,80.5787,397.857,0,0
79098.6,276.966,2199.81,0,0
358259,265.217,5668.83,3,1
103458,37.0129,3330.52,0,0
126152,94.6849,1106.44,0,0
193843,183.371,4563.91,0,0
75807.6,124.075,1258.86,0,0
295184,281.024,2066.32,4,1
134347,139.54,1741.33,0,0
220516,261.485,1381.32,0,0
482215,135.799,3071.61,0,0
171882,253.475,2192.67,0,0
113818,140.928,1945.62,0,0
19271.7,115.07,1476.9,0,0
167720,212.81,4649.02,0,0
41667.1,171.527,4451.37,0,0
43269.1,22.7908,1000.45,0,0
368864,52.0243,3375.68,0,0
114255,94.1286,995.606,10,1
197887,264.171,2168.61,0,0
64977.5,83.6495,1668.41,0,0
102456,175.999,1821.78,0,0
29713.1,64.2247,2328.95,0,0
81357,143.565,2949.67,0,0
113063,32.044,6805.62,0,0
131531,342.228,2858.39,0,0
91280.7,111.905,4095.28,0,0
773009,34.2596,2810.3,0,0
38724.3,113.555,2725.61,0,0
191417,73.8842,2809.39,8,1
125448,64.9579,3204,3,1
200109,75.0717,2640.63,0,0
140630,415.469,1456.53,0,0
73496.1,120.104,4822.79,0,0
44952.3,121.068,2141.42,0,0
15934.9,240.293,852.141,0,0
47797.1,141.02,2298,0,0
91029.4,364.263,3472.8,0,0
72702.5,58.1172,754.554,0,0
148161,217.432,4942.29,2,1
78729.7,124.654,1466.06,0,0
215903,289.507,2618.84,0,0
44123.6,113.408,1442.94,0,0
55454.7,89.4471,1906.95,0,0
380521,111.785,5796.45,10,1
333367,72.5155,1614.39,0,0
60360.5,106.407,1701.97,0,0
54226.4,14.3867,930.793,0,0
247186,148.601,2102.21,0,0
531746,164.114,3683.92,0,0
162050,113.268,2608.16,0,0
204743,138.95,2043.49,0,0
171123,73.9385,2383.52,0,0
304052,111.621,4439.26,0,0
36796,44.3226,3631.97,0,0
116715,110.023,2136.75,0,0
52271.7,232.276,2380.37,0,0
15153.8,97.5622,1756.48,0,0
97492.9,46.6835,1463.88,0,0
41727.3,203.391,2192.29,0,0
126885,57.9949,516.335,0,0
32347.7,115.097,2011.2,0,0
8252.35,0.92461,1399.21,0,0
92953.6,58.6954,1601.97,0,0
113408,75.3475,3043.7,0,0
164461,341.288,3725.1,0,0
77182,172.306,3650.93,0,0
317723,158.28,2719.57,0,0
41093.6,61.0891,1180.07,0,0
669774,93.7006,2644.62,5,1
310650,325.76,7101.08,0,0
161155,85.3655,5350.45,0,0
126204,100.74,2207.76,0,0
47832.4,65.2204,2052.85,0,0
161129,77.5239,3896.69,0,0
92928.8,67.4426,2859.25,0,0
81063.2,160.723,1461.52,0,0
106557,215.081,2251.65,0,0
424388,140.259,3426.33,3,1
59793.3,62.4743,2375.16,0,0
63403.2,88.7161,1307.93,0,0
102275,171.936,3532.39,0,0
376061,439.786,3644.32,0,0
142029,70.2524,624.691,0,0
546390,229.066,2817.94,14,1
43591.3,87.5762,1005.55,0,0
69436.7,113.023,2219.98,0,0
36093.4,133.594,3107.59,0,0
258663,115.767,1895.45,0,0
169658,63.1031,2733.04,0,0
50834.7,241.271,1169.84,0,0
202868,218.531,2839.28,0,0
31602.1,72.0944,954.326,0,0
21121.9,89.7347,1084.59,0,0
285825,190.865,1226.54,0,0
163385,270.453,1701.8,0,0
244288,81.5238,740.775,0,0
599287,100.205,1713.56,0,0
98187.7,221.222,1836.31,0,0
59072,116.886,2687.94,0,0
72147.5,69.1394,1587.51,0,0
501430,205.088,1857.98,0,0
246274,304.464,3644.1,5,1
276711,95.5118,3206.67,2,1
18389.6,261.725,2158.57,0,0
166197,106.595,2305.91,0,0
103192,46.1496,1202.84,0,0
526889,386.409,5145.79,0,0
190958,584.898,1468.43,0,0
90054.9,92.7417,1658.3,0,0
316674,35.2557,2963.64,0,0
85702.2,178.377,2077.08,0,0
853944,79.6077,2538.05,0,0
101959,171.111,1208.37,0,0
76321.7,288.695,3517.47,0,0
26754.1,46.7658,847.448,0,0
124229,77.5876,2486.1,12,1
138869,31.3679,3016.81,0,0
303110,354.167,11703.6,0,0
42491.5,83.2535,1527.66,0,0
28742.6,119.487,1089.31,0,0
117806,211.84,1142.36,0,0
149897,146.476,1450.94,0,0
45859,141.541,2066.23,0,0
108572,61.1882,1607.96,0,0
7267.12,251.993,1682.18,0,0
939152,82.7086,2222.87,0,0
267782,190.295,3014.28,0,0
105922,189.682,1851.89,0,0
36763.8,92.0395,671.544,0,0
139740,147.21,3317.75,0,0
7582.66,165.528,5111.44,0,0
394051,311.377,4356.09,0,0
33572.9,111.195,2465.02,0,0
85702.6,117.769,1382.61,0,0
174508,174.817,2667.61,0,0
221471,36.6716,1150.78,0,0
140242,68.8962,3104.93,0,0
238316,99.7121,1463.79,17,1
69044.6,33.0392,2407.14,0,0
149979,90.1326,2444.44,0,0
201147,133.635,2284.6,0,0
220649,138.324,3214.55,0,0
103562,48.5874,2656.54,0,0
240995,338.998,12934.6,0,0
448627,655.145,1757.13,0,0
93870.4,95.0244,1510.55,0,0
50851.6,149.421,3956.02,0,0
217379,131.731,3747.77,11,1
99813.1,166.754,1351.76,10,1
382428,63.5099,2404.66,0,0
66060.1,318.668,892.509,0,0
94804.2,156.578,2635.35,0,0
38847.8,49.1435,602.376,0,0
119770,96.936,2638.23,0,0
206417,58.1017,1063.04,0,0
252318,275.192,3869.79,6,1
56146.7,139.999,4507.4,0,0
193009,419.262,3642.52,9,1
90179.5,195.641,6361.59,0,0
4558.84,200.073,3467.93,0,0
218726,194.059,1100.25,0,0
8126.75,79.7411,791.634,0,0
483338,264.688,4906.58,-1,1
167242,135.026,3250.63,9,1
497169,86.7985,2261.79,0,0
193372,255.911,2463.44,0,0
23022.3,20.0439,711.356,0,0
63242.4,122.17,1255.63,0,0
256340,76.5163,3289.12,0,0
102731,249.296,3595.9,0,0
103849,83.9411,2994.58,0,0
252869,158.64,2330.76,0,0
81900.5,106.105,1117.88,0,0
717393,55.8854,2560.16,0,0
69994.6,69.2418,2932.25,0,0
380731,53.5091,1433.78,0,0
42709.2,64.3675,2177.49,0,0
482776,325.201,2276.95,0,0
82767.1,85.0767,2090.76,0,0
91664.9,334.111,4140.31,0,0
78373,199.783,1465.54,0,0
45540.1,189.864,772.071,0,0
84014.6,217.399,1153.41,0,0
165936,130.548,6640.62,0,0
203305,154.706,3766.06,0,0
74308.8,2.87697,916.407,0,0
170325,130.653,6087.34,18,1
207220,165.601,2659.9,0,0
315068,96.6484,3439.25,0,0
140457,118.768,941.074,0,0
56543.7,248.317,2743.66,0,0
1267.95,23.1565,1485.1,0,0
27921.5,122.677,2489.73,0,0
93272.5,105.303,2730.27,0,0
579045,133.642,4252.35,0,0
64590.7,95.6987,977.045,0,0
14400.3,76.7993,3658.44,0,0
108425,156.538,2418.37,0,0
128536,171.44,2890.67,13,1
68413.3,154.399,2285.13,0,0
93392.7,109.02,3818.95,0,0
231810,193.649,3001,0,0
89441.2,226.57,1714.61,0,0
213798,180.708,1967.15,0,0
47244.2,131.173,1850.58,0,0
62621,117.886,1532.8,0,0
74300.9,76.3464,1274.8,0,0
279760,83.9817,3121.17,0,0
707848,249.45,3461.64,0,0
362227,120.873,796.543,0,0
56454.3,201.884,3467.14,0,0
54873.2,526.344,3657.42,19,1
67507.7,115.51,2464.7,0,0
41381.1,29.9298,3260.68,0,0
326251,99.0781,3889.21,0,0
23215.9,142.724,1998.9,0,0
380062,99.8322,2648.6,0,0
134315,191.353,2643.98,4,1
335661,250.971,2058,0,0
125090,56.5656,2105.13,0,0
71233.1,42.203,2813.4,0,0
54586.1,66.0518,947.711,0,0
93898.2,39.214,1836.94,0,0
277452,169.202,3239.22,0,0
220755,115.206,2703.05,0,0
92003.4,192.939,4658.98,3,1
42144.3,163.125,940.512,0,0
151358,101.979,1676.52,0,0
81097.2,80.1714,2561.95,8,1
189487,208.939,3036.28,15,1
163159,113.478,2424.09,0,0
89810.3,8.42583,2518.85,0,0
133516,265.463,2114,0,0
68381,159.07,3784.49,0,0
33163.8,81.2619,2678.89,0,0
27301.1,98.423,1491.1,0,0
82852.1,120.835,5583.71,0,0
113430,61.9539,3244.34,0,0
226322,85.9616,1485.5,0,0
42024.6,89.689,2633,0,0
61777.1,134.159,3349.92,0,0
130420,74.5513,3047.36,0,0
65937.3,189.684,3197.1,0,1
67159.5,97.8701,1838.58,0,0
89434.4,77.9467,6840.75,0,0
32514,103.682,1913.25,0,0
68901.4,34.1775,2180.16,0,0
42023.9,145.205,580.981,0,0
572128,82.3727,3456.19,13,1
35657.9,90.7701,1767.76,0,0
189462,174.651,2891.6,13,1
211212,292.792,1160.76,0,0
59582.6,72.1242,2649.38,0,0
137385,223.803,1530.32,0,0
41816.5,152.101,1912.36,0,0
375244,140.816,4911.7,16,1
21945.3,122.404,795.63,0,0
254749,178.295,5115.62,5,1
342915,108.61,3178.28,0,0
95449.7,219.082,1100.74,0,0
18796.3,109.338,1239.46,0,0
45085.6,369.064,1136.44,0,0
123331,151.369,3304.36,0,0
373283,236.647,6238.05,0,0
423567,873.678,3619.56,18,1
300240,191.215,3622.51,0,0
450894,239.162,2223.22,0,0
69751.2,248.146,3011.15,0,0
137954,144.515,2745.36,0,0
141190,153.994,2179.26,0,0
13521.4,61.0318,1985.75,0,0
27762.3,287.549,2900.37,0,0
147425,101.206,2423.24,0,0
217038,98.247,2766.72,0,0
269161,139.689,2153.1,7,1
104771,180.493,1467.89,0,0
83097.3,156.449,1727.3,0,0
187467,326.591,12424.1,6,1
145934,208.654,3238.77,0,0
154544,74.7953,2191.03,0,0
60335.8,191.012,1776.71,0,0
148238,138.902,2325.18,0,0
161319,68.6952,3535.68,0,0
100507,308.914,2640.92,0,0
146255,149.722,6778.2,0,0
123063,187.468,2685.12,0,0
125149,175.832,3186.44,0,0
93533,299.001,2269.37,0,0
277125,172.751,5471.27,0,0
68553.1,70.0947,2326.4,0,0
71032.4,157.444,3986.04,0,0
132482,75.5175,2821.9,0,0
288745,122.244,10507.7,4,1
93260.7,73.1929,2780.69,0,0
109424,118.385,2041.52,0,0
1.14187e+06,234.948,2365.57,-1,1
124042,110.127,2055.74,4,1
128717,268.478,2365.48,0,0
3264.78,236.584,2301.13,0,0
69594.3,32.4917,1901.82,0,0
61955.8,190.667,2217.63,0,0
97846.7,64.3126,2628.2,0,0
181226,445.451,4285.47,4,1
57992.1,64.6325,5773,0,0
160300,150.566,4315.69,0,0
145379,195.076,3201.82,0,0
114809,384.453,1959.43,0,0
134798,81.9782,2026.75,0,0
349171,93.1051,3394.56,0,0
59282.8,247.186,4337.09,0,0
244019,178.836,3050,0,0
63865.1,110.669,1179.57,0,0
176365,186.431,3053.87,0,0
27173.1,122.123,3791.73,0,0
48888,90.0387,979.667,0,0
92432.2,224.235,1661.61,0,0
197579,307.47,2828.46,0,0
112181,172.977,2580.92,2,1
71789.2,62.6989,1271.07,0,0
174008,47.7111,3095.59,3,1
69020.6,167.538,1852.1,0,0
133827,130.467,3703.66,0,0
187436,61.5825,1423.83,0,0
127455,226.816,1575.11,0,0
78974.8,164.863,1420.31,0,0
104171,221.87,1759.49,0,0
173300,97.9606,3109.79,0,0
28635,122.378,1577.7,0,0
56928.9,313.003,1292.76,0,0
127020,186.398,4601.63,0,0
118770,216.194,1484.06,0,0
120738,63.1453,2271.87,0,0
1.36837e+06,194.172,4516.3,0,0
93105.8,194.295,4095.08,0,0
110410,138.219,5644.21,0,0
154288,235.03,2026.64,0,0
46295,357.651,1084.12,0,0
331052,293.198,3872.33,3,1
38067.4,53.2747,1418.18,0,0
44320.7,225.014,1735.43,0,0
27407.9,137.807,1337.87,0,0
3158.46,147.723,2110.73,0,0
49923,236.053,1737.8,0,0
80860.7,155.362,2327.43,0,0
60084.9,165.677,822.628,0,0
439574,115.619,2875.69,9,1
140898,120.381,2507.37,0,0
230663,45.5812,2471.84,0,0
70475.8,232.942,2076.33,0,0
63557.5,271.712,2256.41,0,0
43198.8,146.74,1345.89,0,0
47185.7,95.8386,1425.87,0,0
24672.9,135.719,1581.33,0,0
319930,224.486,1945.48,0,0
254801,272.524,3442.42,0,0
78499.9,71.3316,1387.05,0,0
23435.7,87.241,952.191,0,0
79159.5,129.797,1369.77,0,0
141324,166.342,4214.08,0,0
53026.4,279.073,1634.63,0,0
177481,170.693,5320.71,0,0
107151,193.847,1387,0,0
664983,81.2106,1401.44,1,1
148708,215.705,9021.98,0,0
118630,211.3,4626.72,0,0
126141,277.738,3260.22,0,0
64277.2,119.343,2968.44,0,0
118949,152.473,2001.99,0,0
221510,214.725,2247.89,0,0
153322,73.4341,1997.37,0,0
154916,94.4261,2263.35,0,0
76085.9,162.876,1604.95,0,0
100946,200.696,1270.32,0,0
22471.9,48.504,2227.12,0,0
100876,110.891,1077.42,0,0
85867.4,109.808,2053.76,0,0
129417,132.251,2469.59,0,0
399949,93.693,1607.76,17,1
65382.3,54.9995,2184.97,0,0
237530,129.462,2684.33,0,0
248525,170.049,4006.97,7,1
105644,124.549,2569.75,0,0
31131.2,99.9011,2810.33,0,0
64349.8,48.1257,2072.35,0,0
106533,85.1164,1537.04,0,0
239782,200.141,2534.55,0,0
148792,266.124,2405.61,0,0
182183,97.6328,2892.5,4,1
178800,231.487,5183.05,0,0
24175.5,36.6947,1128.64,0,0
633972,246.003,2839.81,7,1
147800,256.132,1445.85,0,0
151144,120.497,1754.56,0,0
129351,305.694,2765.46,-1,1
122411,157.825,1401.19,2,1
114487,123.247,1444.45,0,0
127316,171.304,2419.77,0,0
14284.7,160.161,2048.38,0,0
93323.9,154.845,1714.8,0,0
189550,139.154,4318.54,0,0
10918,208.66,1585.84,0,0
242477,257.255,5284.09,8,1
860.391,184.182,3674.92,0,0
857025,167.953,4191.17,13,1
135867,43.6483,1656.16,0,0
141383,367.427,1808.6,0,0
69660.5,184.272,1955.72,0,0
52037.5,241.26,1889.74,0,0
132308,97.6082,4168.54,6,1
157579,111.33,5307.11,0,0
155082,137.456,13512,0,0
192281,121.435,2663.2,0,0
13172.5,4.99745,879.89,0,0
102422,149.719,4211.41,0,0
217483,87.9521,2889.76,0,0
122094,113.875,4445.04,0,0
