87215,96.8411,2711.18,0,0
104035,37.0287,1872.34,0,0
260645,42.8611,540.717,0,0
744738,74.8367,2657.75,6,1
72625,70.4967,2122.29,9,1
218808,193.452,2859.23,0,0
237850,391.381,1925.28,0,0
184127,100.391,2464.08,0,0
55907.6,83.0608,877.579,0,0
98605.2,116.252,1635.57,0,0
309011,231.863,12961.4,13,1
156920,118.283,3781.06,0,0
3527.34,91.4238,3194.81,0,0
278268,149.492,2867.89,0,0
275369,274.597,3526.59,0,0
81147.2,46.8823,2606.01,0,0
382125,100.055,5266.57,18,1
134961,142.407,4527.97,0,0
88473,286.756,1762.28,6,1
385283,472.609,6705.23,9,1
181746,177.958,1733.94,0,0
130643,47.0886,3951.97,0,0
166715,121.348,4486.27,0,0
149658,129.168,1875.16,14,1
561814,109.532,4596.17,13,1
37154.4,167.175,1878.79,0,0
110175,171.712,1081.37,0,0
385917,366.01,6767,18,1
73246.2,126.324,5960.69,4,1
310590,119.436,4383.47,2,1
173508,147.396,3888.57,0,0
41049.5,114.931,2427.86,0,0
406619,174.009,1395.87,0,0
141611,154.194,1781.31,12,1
88644.6,116.499,2571.11,0,0
20430.2,72.452,767.244,0,0
62984.5,230.171,1857.46,0,0
48054.9,141.971,2606.47,0,0
996889,307.733,1080.65,19,1
83072,223.392,1662.53,0,0
187045,176.111,3538.11,8,1
230460,262.421,4262.44,1,1
33725.7,46.054,2726.63,0,0
78469.9,46.6052,1185.46,0,0
217693,151.225,5823.69,0,0
250507,114.051,3235.94,4,1
44573.4,203.444,890.635,0,0
192026,142.603,2403.12,10,1
224684,227.349,3710.2,0,0
114055,104.422,1823.7,0,0
367220,219.912,5222.76,3,1
154463,279.724,2865.02,0,0
123667,116.46,4671.77,0,0
99645.7,97.136,1213.79,0,0
112205,122.232,1570.4,0,0
155878,86.768,1711.8,0,0
66155.9,309.508,2759.37,0,0
106422,92.2402,3679.09,0,0
161873,129.587,4798.27,0,0
747980,83.0601,1885.89,0,0
201813,246.71,2803.03,0,0
234411,83.8112,1487.6,-1,1
272961,30.9915,1406.39,0,0
121622,38.4759,2824.23,0,0
131541,135.06,3005.21,0,0
61920.3,85.811,1366.89,0,0
499108,87.1033,1574.84,0,0
156586,240.618,2151.85,0,0
31664.4,41.3817,2217.66,0,0
115928,152.488,3180.4,0,0
221728,92.5636,1920.54,0,0
818768,250.35,6187.57,19,1
2627.73,293.095,4207.06,0,0
139826,119.716,2276.98,3,1
86999.1,51.5002,1586.31,0,0
47824.8,126.502,3115.35,0,0
72374,126.432,1405.16,0,0
223142,83.2329,4171.09,0,0
68069,161.937,991.767,0,0
87655.9,165.195,2140.12,0,0
261482,250.254,4105.03,0,0
373896,284.715,2319.66,19,1
1654.65,269.885,1319.89,0,0
36764.2,81.3947,2833.28,0,0
156494,180.618,3157.26,11,1
22581.7,303.939,598.979,0,0
111905,132.094,3207.87,0,0
111258,141.676,2618.67,0,0
104580,89.0774,2398.11,0,0
92917.5,86.2313,1773.15,0,0
64141.8,338.107,4788.75,0,0
50851.4,162.939,3299.76,0,0
111652,79.0771,1466.76,11,1
46354.4,111.109,1321.29,0,0
54422.8,117.862,905.696,0,0
211407,103.74,1089.12,0,0
289986,234.572,7140.94,0,1
273190,351.69,4323.69,15,1
24429,186.182,2241.46,0,0
143245,72.0979,3616.57,0,0
63767.3,79.4492,556.013,0,0
108040,106.447,1345.18,0,0
407694,114.735,4440.02,13,1
218495,174.592,5739.11,0,0
50307.2,128.362,1580.77,0,0
88769.6,197.669,896.271,0,0
133727,126.928,1903.78,0,0
31392.9,106.651,1154.68,0,0
89729.1,87.6599,1273.61,0,0
25962.8,55.1827,3425.08,0,0
114872,153.544,3049.23,0,0
93931.6,118.957,3321.42,0,0
225313,279.597,1892.8,0,0
71461,225.264,3380.59,0,0
48823.2,169.587,3072.5,0,0
92571.8,230.32,2929.92,0,0
130452,162.033,2321.87,16,1
82142.7,46.6163,539.763,0,0
73754.5,79.2054,5227.72,0,0
22270.7,131.839,964.696,0,0
229109,282.27,4327.4,0,0
30961.2,73.5565,1022.71,0,0
90511.6,150.889,2042.65,0,0
307670,218.241,1624.13,0,0
190636,15.6833,2574.56,0,0
127279,268.034,1282.59,0,0
19409.6,112.663,1769.91,0,0
73661.2,201.255,1415.57,0,0
211314,137.145,4125.7,0,0
319904,232.031,2519.37,15,1
91339.6,334.134,961.401,0,0
214991,124.785,1968.43,14,1
201008,205.172,4665.61,0,0
357669,80.0287,2032.87,0,0
344630,298.346,4885.91,0,1
82837.1,110.803,2586.1,0,0
22550.7,299.538,2209.89,0,0
656649,140.279,6406.48,8,1
91478,76.1445,2171.9,0,0
103419,130.837,3498.13,0,0
108455,133.089,2223.09,0,0
68340.2,256.515,1973.83,1,1
44790.2,94.9904,1289.36,0,0
119261,138.905,1763.91,0,0
187547,199.348,1780.46,0,0
83044.7,135.287,2178.54,0,0
275120,252.114,10908.8,0,0
303565,176.567,2252.03,2,1
244873,157.416,5224.4,0,0
509302,157.696,4355.23,17,1
106841,278.337,4606.98,0,0
70966,272.187,1633.94,0,0
52079.3,119.188,3743.06,0,0
641142,60.0563,2321.54,0,0
287644,99.7921,3282.13,0,0
82702.4,199.256,1133.21,0,0
59485.9,100.57,4920.53,0,0
132910,69.7641,2385.99,0,0
165164,249.777,2965.67,0,0
93181.6,75.2607,1063.41,0,0
217170,59.6661,2878.87,0,0
78363.7,195.626,1565.68,0,0
79815,128.361,939.826,0,0
185111,52.654,3015.78,0,0
12076.1,56.5459,1346.73,0,0
37036.4,37.1811,2242.5,0,0
214447,176.074,2014.92,0,0
79961.3,166.432,2483.69,0,0
669800,252.055,4095.28,1,1
101874,124.853,649.46,0,0
92928.9,341.276,1902.19,0,0
120143,102.009,2196.69,0,0
68713.8,159.324,2460.93,0,0
224359,112.049,2063.32,0,0
355394,118.583,2190.91,0,0
66610.5,89.8159,2247.51,0,0
48730.6,133.34,1746.38,0,0
47118.2,59.0565,949.414,0,0
141802,217.836,2298.02,0,0
25113.6,247.521,2883.41,0,0
358294,130.724,3218.05,0,0
580202,206.285,3552.54,7,1
120140,180.983,4148.72,0,0
507258,366.501,4233.31,6,1
81335.8,142.527,2287.34,0,0
171814,178.885,1720.13,0,0
390715,88.0747,2301.85,12,1
255436,115.579,4343.83,8,1
637542,172.507,5044.15,12,1
96777.2,241.066,3670.7,6,1
307927,163.985,4001.88,0,0
140705,173.07,2553.67,1,1
104513,119.823,2729.17,0,0
45328.4,294.122,2644.43,0,0
98299.3,147.009,4301.9,7,1
230792,202.863,4272.12,13,1
47795.8,86.0492,3418.76,0,0
13506.5,92.9642,589.258,0,0
79437.4,142.596,1775.28,0,0
16240.9,205.591,1925.57,0,0
211944,230.441,1951.38,0,0
72454.6,46.8909,1918.99,0,0
16312.5,42.4658,2267.78,0,0
139750,199.556,2272.99,0,0
110009,145.033,1500.2,0,0
90737,50.7466,2130.91,0,0
67366.9,75.6428,1762.74,0,0
265026,131.697,1661.02,0,0
3291.47,213.238,2482.92,0,0
31924.5,33.6156,1754.25,0,0
159523,112.516,6430.45,0,0
228528,173.938,4102.33,0,0
126363,223.651,2334.62,0,0
210952,130.891,3750.99,0,0
312177,173.46,6466.73,0,0
6045.26,245.359,2361.18,0,0
121564,196.242,4004.39,0,0
67584,14.4033,804.711,0,0
85934.3,187.909,3433.35,8,1
108027,78.0214,2021.03,0,0
117116,285.01,2278.52,3,1
116516,130.43,3378.52,0,0
76613.1,74.9448,3161.85,0,0
25115.3,381.362,2570.79,0,0
18379.1,122.983,2413.51,0,0
417588,116.983,5281.94,0,0
215142,147.422,5368.63,11,1
540387,198.253,4249.87,0,0
20526.7,91.6507,1769.39,0,0
69728.7,131.349,1887.09,0,0
121058,138.883,3047.8,0,0
242936,155.166,5928.92,12,1
135805,164.31,2601.31,0,0
140838,242.646,2258.49,0,0
41115.4,137.131,2854.37,0,0
75318.5,74.8408,2806.32,0,0
238147,166.962,1443.93,0,0
122224,167.026,2034.86,0,0
299285,341.679,2939.42,0,0
23240.5,55.0589,2154.37,0,0
263803,113.772,3690.19,0,0
44594.9,46.1539,698.012,0,0
137024,168.325,2769.18,0,0
15391,65.12,949.929,0,0
189499,58.2688,3104.59,0,0
160820,160.228,2097.86,7,1
147082,85.9935,1403.64,0,0
1.04009e+06,177.631,3756.91,13,1
353936,327.202,4863.62,0,0
103626,133.66,3165.68,0,0
141837,116.814,3388.7,0,0
74004.6,79.6917,2801.81,0,0
204276,184.717,3663.75,0,0
155110,125.135,2217.97,0,0
137710,97.8639,2479.68,0,0
55457.9,71.6031,1033.98,0,0
282138,83.1738,2204.88,0,0
85481.4,194.736,1349.16,0,0
241482,95.0562,2798.58,0,0
262663,217.229,4570.77,1,1
171177,76.3555,799.195,0,0
1.1476e+06,43.0103,1502.52,0,0
292436,256.903,2817.04,7,1
66733.5,122.763,3125.12,0,0
54629.9,66.8704,256.917,0,0
32177,92.8959,1819.11,0,0
186913,77.5626,2877.67,0,0
32900.5,107.545,1546.68,0,0
842430,171.859,2792.3,7,1
88743.6,140.609,40519.4,0,0
333823,235.378,2441.41,0,0
391555,319.225,5899.64,0,0
43850.2,164.06,2414.73,0,0
8254.6,129.333,1934.53,0,0
1687.62,223.073,848.415,0,0
72112.9,275.852,1436.77,0,0
37404.2,113.642,3296.35,0,0
125441,135.776,3034.56,0,0
158518,209.983,1679.98,0,0
150537,136.29,1289.01,0,0
55883.7,71.7088,1976.11,0,0
258787,216.731,3325.69,0,0
177200,137.858,3048.22,0,0
8158.21,32.4737,2257.97,0,0
106443,280.221,4046.14,0,0
184307,120.304,2958.95,0,0
170892,163.116,1373.61,3,1
221829,59.2393,1533.38,0,0
100109,145.864,1774.14,0,0
138737,138.21,1981.49,0,0
60022,338.308,2304.02,0,0
118615,253.165,3450.38,0,0
120228,146.736,3603.02,0,0
227261,135.435,2871.92,0,0
204691,180.945,2014.64,0,0
363703,28.8101,2019.63,0,0
481678,174.022,3579.5,7,1
216938,119.575,1790.46,0,0
61200.9,112.225,3957.51,0,0
235900,148.523,2925,10,1
83902.2,163.707,2039.42,11,1
76697.7,194.03,3216.6,0,0
177619,103.444,2702.47,0,0
113820,190.154,2474.08,0,0
290050,152.464,1456.11,0,0
161763,95.2503,3950.98,0,0
17208.8,36.3186,1370.14,0,0
572750,403.608,4125.82,0,0
13305.3,188.835,1484.52,0,0
85167.9,134.423,2374.92,0,0
59820.8,258.942,1603.2,0,0
180283,108.804,2484.21,3,1
216050,278.053,1999.03,0,0
148658,79.9784,2592.14,0,0
17771.3,65.0108,1559.65,0,0
50420.6,166.538,1370.55,0,0
48739.1,134.983,1801.06,0,0
92355,205.865,4061.34,0,0
335324,101.868,1741.99,6,1
212443,99.4154,2439.72,0,0
82908,80.9173,2852.93,0,0
286620,6.77844,526.363,0,0
97328.2,117.728,1584.7,0,0
147854,241.129,1989.28,0,0
147902,81.8896,2345.83,0,0
309920,134.665,2215.2,0,0
886307,278.096,2828.78,0,0
43681,89.2918,3814.15,0,0
4573.1,375.873,3148.12,0,0
296980,319.376,3984.92,0,0
55631.2,136.518,1034.19,0,0
108788,103.604,2358.34,0,0
592089,158.284,6093.07,0,0
159613,367.452,4279.57,0,0
48960.9,77.3114,1376.86,0,0
99766.7,164.406,2103.23,0,0
76474.4,233.847,5321.76,0,0
142814,305.906,2857.03,0,0
114621,233.345,1146.61,0,0
105187,204.963,1208.43,0,0
154078,364.969,2192.09,0,0
116894,69.3167,1749.6,0,0
113819,70.9666,2228.05,0,0
141663,164.579,3477.75,0,0
276152,150.354,2334.79,0,0
181263,43.4932,2358.88,0,0
195683,70.5228,2418.03,8,1
67813.5,49.687,2741.66,0,0
130313,363.571,1183.73,0,0
46810.4,195.512,1542.96,0,0
165462,301.86,3077.36,0,0
213354,142.5,2451.79,0,0
78668.5,318.854,2344.67,0,0
68167,269.097,1793.78,0,0
390777,187.826,3649.07,0,0
375071,105.918,3518.87,0,0
446326,341.363,6670.5,0,0
203835,131.105,3345.9,0,0
5731.26,245.234,2438.15,0,0
167888,183.771,3375.59,0,0
269032,253.172,2362.86,0,0
219063,101.435,2043.59,0,0
174300,91.0808,2875.58,0,0
160888,39.6243,779.377,0,0
28283.3,18.1668,876.77,0,0
208036,171.237,2135.03,19,1
184693,152.319,3962.34,2,1
103948,45.8061,1206.27,6,1
64691,128.884,1503.31,0,0
114239,77.2578,3334.22,0,0
246476,55.9956,942.497,0,0
118815,115.266,1322.91,0,0
66207.2,304.282,1701.88,0,0
68873,114.428,3913.91,0,0
79386.5,353.08,2733.7,0,0
372255,148.363,3760.44,0,0
178855,78.94,2170.66,0,0
87043.9,268.279,1074.42,0,0
167658,29.2295,443.81,0,0
74265.7,155.317,1208.93,0,0
758401,126.902,1094.87,0,0
886384,131.088,2808.93,0,0
130134,184.508,2258.37,0,0
535941,295.482,3868.02,15,1
141793,118.07,1899.66,0,0
152933,178.1,1346.64,0,0
65520.3,59.415,3451.71,0,0
78948.8,71.8557,2226.81,0,0
149816,104.731,1488.37,0,0
257048,237.013,1251.44,0,0
82114.4,216.356,4184.47,4,1
158310,167.835,3499.74,0,0
720411,252.456,3599.46,0,0
225597,162.153,2465.09,0,0
112082,67.3822,1752.13,0,1
127912,104.467,2176.96,0,0
41017.7,262.475,1345.14,0,0
305091,133.536,1663.97,0,0
24408.3,169.843,1792.45,0,0
68184,82.3508,2187.99,3,1
211192,139.752,2015.97,0,0
1.17255e+06,211.07,4430.01,-1,1
164041,167.77,3027.63,0,0
95904.7,145.819,1630.04,0,0
255511,107.647,1977.46,1,1
201177,149.968,2798.58,0,0
329944,224.767,4996.97,0,0
174986,135.434,4274.88,0,0
63421.5,41.0811,3299.88,0,0
61736,311.228,2153.6,0,0
73809.4,186.673,764.346,0,0
203171,276.35,1468.79,0,0
120672,332.809,3223.71,0,0
99163.2,106.26,1351.32,0,0
157808,363.694,3642.92,0,0
45656.5,210.336,3949.73,0,0
119012,135.386,3501.53,0,0
232714,485.144,4144.72,14,1
64706.3,42.7925,1118.41,0,0
139784,112.056,1945.87,0,0
391741,128.794,3913.09,8,1
149640,109.412,2310.32,0,0
442045,107.009,4463.96,11,1
53390.5,103.895,2887.1,0,0
229492,118.827,1831.86,0,0
51335,125.499,1886.62,0,0
570120,144.561,2766.5,0,0
46071.2,152.691,1836.57,0,0
239206,161.187,2947.75,0,0
206174,167.279,1507.84,0,0
43604.5,262.643,2334.69,0,0
56524.8,66.4983,3034.03,0,0
31545.3,250.636,1509.97,0,0
28668.4,38.4056,931.035,0,0
160736,190.28,2385.06,0,0
45873.6,94.4726,2630.1,0,0
112702,34.2846,1866.49,0,0
218066,456.727,2743.71,0,0
46524.8,141.409,1051.94,0,0
166499,135.292,3257.59,12,1
546966,304.627,3555.05,-1,1
123806,50.5243,2402.47,0,0
65748.4,233.266,5895.81,0,0
260911,450.018,4967.74,0,0
44895.6,54.1004,996.094,0,0
96713.1,264.55,3425.97,0,0
92033.6,111.754,1237.67,0,0
59107.9,103.56,2790.83,0,0
141920,147.305,1369.91,0,0
37302.5,234.324,1809.57,0,0
37451,116.057,3164.07,0,0
597265,158.307,3447.57,0,0
225330,368.515,4819.44,0,0
240205,207.617,3113.16,0,0
258303,165.639,3232.07,0,0
89850.1,136.905,1969.83,0,0
123678,156.933,2243.53,0,0
127052,167.927,1849.11,0,0
55442.8,93.1089,3921.63,0,0
232038,51.8262,4295.82,0,0
46165.8,93.5738,756.355,0,0
126403,84.4048,2843.84,0,0
330378,49.1516,1089.35,0,0
127134,116.511,1550.21,11,1
193856,193.316,4554.17,11,1
143694,120.647,3827.87,0,0
146656,62.8111,2287.3,11,1
155433,287.669,2995.1,0,0
57289.7,70.6816,1263.89,0,0
41820,45.4606,1811.62,0,0
139800,196.139,4737.48,0,0
18656.2,247.555,963.286,0,0
34173.3,153.761,2725.17,0,0
52887,237.662,1958.26,0,0
74760.8,142.997,1634.72,0,0
122917,218.015,3277.11,0,0
778428,244.131,3864.92,0,0
183127,182.349,1901.53,10,1
43372.8,130.409,1393.94,0,0
165821,89.4876,2866.67,7,1
175127,391.153,6280.96,0,0
149557,65.2938,1054.08,0,0
429873,204.895,5426.07,8,1
139683,155.479,989.478,0,0
199837,185.626,4233.67,0,0
283540,443.278,2012.17,0,0
170553,193.248,1662.78,0,0
129635,57.6623,1267.05,0,0
94767.9,231.823,2515.23,0,0
81602.7,137.635,1738.02,0,0
130570,186.354,2144.76,0,0
96416.1,170.7,1579.56,0,0
306521,99.2508,2563.19,4,1
114214,153.649,4832.18,0,0
260082,315.646,2835.32,0,0
136102,202.47,1723.13,0,0
206887,86.3722,2614.8,0,0
193743,163.735,1601,17,1
67669.7,187.705,2395.76,0,0
66684.6,115.935,1673.01,0,0
160251,56.8392,3608.13,0,0
524818,130.053,1791.02,0,0
389497,165.547,3122.09,0,0
129388,185.828,2522.98,0,0
110463,63.8972,1703.6,0,0
82522.9,192.683,3648.92,0,0
97160.8,149.414,3996.2,9,1
664732,894.054,4852.06,14,1
265697,111.849,2735.2,6,1
27664.1,58.007,1936.92,0,0
127001,205.836,1307.03,0,0
269563,200.756,1215.41,0,0
129046,184.548,3994.93,0,0
50646,35.4084,3872.6,0,0
115140,140.999,2859.59,0,0
94557.7,198.227,2482.23,0,0
1.33247e+06,234.658,1842.04,19,1
172684,55.2092,4367.45,4,1
103211,103.322,1632.38,0,0
83265.4,142.319,3211.73,0,0
95114.9,153.82,1961.66,0,0
129833,268.221,2435.62,0,0
39400.5,70.3071,1674.02,0,0
47034.2,69.6311,928.401,0,0
64415.6,215.493,1542.73,0,0
73912.5,169.116,1332.62,13,1
283678,124.361,3199.56,0,0
184638,133.961,2327.98,0,0
35637.2,78.5678,1985.33,0,0
70373.7,54.4497,2113.04,0,0
658127,113.916,3115.33,0,0
92105.3,70.6772,1453.24,0,0
184370,343.046,5023.67,0,0
127043,323.76,3721.35,7,1
29867.6,68.5069,1722.01,0,0
76597.4,120.223,3824.52,0,0
80968.1,286.261,2707.96,0,0
23462.8,103.214,1798.05,0,0
167902,77.9971,2056.59,0,0
113721,129.998,1560.88,0,0
24507,84.2803,2229.39,0,0
133967,115.616,2272.5,16,1
302466,143.947,1074.37,0,0
42858.6,87.6525,619.111,0,0
39500.7,85.7808,1080.14,0,0
56419.1,93.5269,1326.46,0,0
118385,107.035,2725.05,0,0
77682.8,60.3949,3151.42,0,0
846326,163.538,4341.36,7,1
71238.5,71.7141,2668.93,0,0
285204,156.988,2113.08,0,0
103483,207.233,1750.93,0,0
104714,191.079,2934.08,0,0
40512.2,89.1189,4233.79,0,0
32063.8,51.3142,1467.13,0,0
109867,110.51,1813.24,0,0
107910,93.5587,3623.81,0,0
402788,332.483,14450.6,0,0
156445,236.926,1097.97,0,0
140014,249.245,2638.48,0,0
274332,109.904,4218.22,0,0
42858.7,235.133,1613.86,5,1
75890.4,202.29,2343.71,3,1
213033,166.936,3134.02,0,0
85412.8,88.9638,1769.15,0,0
101860,218.351,5331.62,11,1
130366,125.183,2006.85,0,0
224964,118.896,1107.01,0,0
478680,183.543,1760.61,8,1
351962,34.345,2018.89,0,0
162975,141.702,2329.36,0,0
43691.3,150.244,1687.02,0,0
270736,233.375,2997.15,0,0
90645.5,114.657,1561.12,0,0
266368,129.062,2916.4,0,0
84307.8,148.946,1592.38,0,0
168837,144.782,1309.67,0,0
159915,92.2558,3081.78,0,0
31556.6,144.412,2372.09,0,0
78223.9,93.496,1313.6,0,0
90061.6,94.2574,4468.03,0,0
1.02025e+06,40.859,2447.64,0,0
60170.9,213.213,4145.76,0,0
68964.1,143.829,1749.55,0,0
124494,133.54,2345.76,11,1
123045,259.588,1841.78,0,0
139170,232.126,4322.18,13,1
185477,140.052,2473.15,0,0
191708,170.101,3069.84,5,1
90387.4,151.57,698.547,0,0
243497,375.531,3498.78,0,0
87727.9,23.0241,3412.08,0,0
233632,101.396,1883.41,0,0
158772,76.4946,2117.59,0,0
38432.2,114.81,3457.1,0,0
107756,142.066,5372.32,0,0
122458,371.861,4176.73,0,0
135170,132.13,4103.38,0,0
356313,146.467,3079.14,1,1
90503.5,177.199,3547.01,0,0
102664,166.257,1893.01,0,0
170720,84.213,1974.82,0,0
167188,280.918,2479.07,0,0
255294,293.175,3682.61,0,0
173002,162.118,4425.79,0,0
35627.6,132.839,1710.91,0,0
102526,174.461,1225.27,0,0
98374.8,94.4051,1112.49,0,0
127089,279.396,1234.19,0,0
125227,78.807,2103.26,8,1
22036.9,197.12,1504.1,0,0
130796,364.304,3228.74,0,0
117122,141.615,2959.84,0,0
55863.2,189.922,2198.45,0,0
73841.9,93.8201,1420.64,0,0
204614,387.748,3065.28,0,0
4589.55,81.768,768.57,0,0
154922,37.0808,2312.22,0,0
92594.9,63.8231,1771.17,0,0
71682.8,177.713,1707.15,0,0
549741,244.663,4570.31,4,1
128007,47.0829,711.366,0,0
127841,89.2291,3095.79,0,0
162851,68.5871,2446.46,0,0
185630,130.965,2789.29,0,0
11470.7,123.981,4140.81,0,0
482228,85.664,1338.35,0,0
5513.43,6.02746,1494.69,0,0
124798,58.3263,959.106,0,0
127075,224.154,2059.43,2,1
97437.7,42.5918,1399.71,0,0
104901,11.2573,2093.52,0,0
122102,196.411,948.634,0,0
107523,239.005,2648.49,0,0
90247.1,211.973,5339.89,0,0
197394,66.2167,1145.12,0,0
20856.6,164.672,1915.45,0,0
119882,75.4812,1025.89,1,1
53728.3,74.9982,1824.74,0,0
161450,154.183,1919.87,0,1
70915.3,118.145,6253.92,0,0
29962.3,384.139,1964.07,0,0
85449.4,36.7893,1498.49,0,0
278810,197.837,5274.76,0,0
42497,238.652,3037.87,0,0
75968,172.022,3653.81,0,0
30785.4,159.434,2988.09,0,0
118971,278.216,2391.49,0,0
83798.1,113.16,2580.46,0,0
21094,67.0643,1090.71,0,0
115849,74.9478,1776.17,9,1
396663,226.513,2953,0,0
551166,89.0382,2283.61,6,1
155779,147.318,2381.69,8,1
32597.7,45.2003,2208.5,0,0
119943,48.6793,2539.59,0,0
189415,52.3161,1765.12,0,0
247524,175.055,3021.84,0,0
83649.9,69.398,2487.96,0,0
68944.8,507.01,2701.98,0,0
238910,105.824,2345.49,0,0
209874,183.609,2118.85,0,0
117672,87.3143,1951.75,6,1
51611.2,107.464,1773.01,0,0
137249,97.78,3026.99,14,1
18222.3,96.0688,1498.14,0,0
97772,44.6311,3425.41,0,0
133852,328.798,1786.08,0,0
274709,45.8847,1198.46,0,0
25804.9,150.232,1870.56,2,1
269284,211.918,2011.61,0,0
48722.2,73.8366,2957.59,0,0
133388,204.7,970.88,18,1
80019.8,193.858,1712.39,0,0
69883.9,20.8999,3729.11,0,0
133664,154.652,1637.01,10,1
483464,80.9921,2541.22,8,1
245792,343.018,2806.35,0,0
48048.7,17.8489,2293.92,0,0
45589.5,50.1651,1077.31,0,0
70760.3,139.969,1709.24,0,0
27393.8,140.607,2034.17,0,0
150359,279.548,2243.44,0,0
43205.9,150.116,1357.75,0,0
113316,150.202,2000.25,0,0
267745,427.869,5860.95,0,0
48347.4,137.913,2796.67,0,0
111948,122.782,3170.95,0,0
79729.8,45.779,2376.87,0,0
43917.1,268.088,2086.14,0,0
22641,116.319,1181.2,0,0
320909,162.485,3129.14,0,1
196035,130.193,2144.75,0,0
137544,137.512,3456.04,0,0
503465,379.081,5267.34,0,0
149508,189.761,1766.91,0,0
11085.9,211.073,1373.62,0,0
41015.7,63.6319,1373.38,0,0
304438,223.764,4259.68,0,0
361495,164.503,3624.29,0,0
148515,78.8611,2392.22,6,1
110005,171.219,5915.15,0,0
276269,124.179,3052.06,0,0
179630,67.7021,3072.5,0,0
74401.8,262.147,1122.78,0,0
170603,101.618,2691.87,0,0
123592,277.843,2992.88,0,0
34981.1,223.621,963.725,0,0
21083,77.8822,1502.41,0,0
48194.1,123.909,3343.44,0,0
27894.9,176.628,3339.91,0,0
90177.6,268.314,2178.99,-1,1
109212,156.311,2235.43,0,0
77028.6,132.34,3421.25,-1,1
134684,139.849,4610,0,0
54084.3,155.57,943.636,0,0
49181.5,68.0985,3060.96,0,0
77937.8,180.63,3741.34,0,0
178360,243.049,4176.2,14,1
160957,50.9688,2531.76,0,0
110651,113.184,2636.13,0,0
103672,167.261,3071.64,0,0
51163,216.115,876.81,0,0
453130,246.304,3156.43,0,0
31437.9,425.358,1256.35,0,0
263479,267.24,3759.68,0,0
29968.8,166.297,2491.24,0,0
65269.8,203.217,2020.33,0,0
170260,208.966,5715.8,14,1
79105.9,119.144,1298.38,0,0
185438,113.707,3666.11,0,0
165719,104.825,2149.21,0,0
95355.3,52.4733,1832.63,0,0
212561,53.6808,4747.47,0,0
537556,41.9288,590.176,8,1
120076,50.7892,2570.6,0,0
27332.6,77.2914,2318.72,0,0
60045.7,300.165,1724.45,0,0
219408,72.8036,1902.57,0,0
137327,309.995,2407.55,11,1
579020,188.978,2709.97,0,0
39004.8,106.34,3964.17,0,0
130699,157.287,2451.75,0,0
154277,98.7518,2112.22,0,0
226936,132.608,2037.94,6,1
125279,92.6134,1923.38,0,0
120572,263.321,1326.79,0,0
257407,394.048,3881.83,0,0
117235,139.026,1316.81,0,0
91915.4,71.5099,1810.6,0,0
105687,150.444,3150.19,0,0
130818,57.7721,2826.33,0,0
83666.5,168.344,1492.01,0,0
42791,147.166,1331.77,0,0
119651,112.907,2732.96,0,0
4213.26,201.83,2692.62,0,0
57866.8,246.596,2175.06,0,0
71414,192.568,1069.77,0,0
47854.3,193.337,4047.72,0,0
34593.2,71.6992,1996.25,0,0
131905,171.316,5463.29,0,0
69788.5,104.595,1499.64,0,0
168082,140.458,1730.2,10,1
110823,152.747,2074.43,2,1
389714,225.239,1888.26,11,1
80581.8,252.155,965.524,0,0
207991,66.5392,1867.83,0,0
37150.3,135.109,2364.1,0,0
47004.2,54.8527,3527.56,0,0
201818,204.063,4049.85,0,0
249257,228.084,2815.67,0,0
144266,444.165,14485.6,0,0
270490,238.411,5217.15,12,1
127092,71.3643,2273.89,0,0
136666,466.872,3248.49,0,0
284244,76.7432,2526.36,0,0
8377.84,179.299,1268.7,0,0
75714.7,114.544,2719.06,0,0
62719.2,163.316,2528.35,0,0
572307,398.824,4610.35,10,1
105072,244.354,6363.35,0,0
43883.2,28.2685,1824.5,0,0
70763.6,266.192,5571.8,0,0
105110,84.401,1042.17,0,0
244310,150.207,2783.59,0,0
105442,454.342,1889.19,0,0
1.28582e+06,153.004,2481.74,18,1
84131.4,41.7859,1656.4,0,0
224824,84.7047,1595.94,10,1
55861.7,199.495,3985.61,0,0
196342,235.256,4486.37,0,0
152303,197.781,4479.08,0,0
146432,185.583,1174.77,18,1
190222,355.63,5970.46,0,0
516644,99.3537,3992.56,11,1
189482,78.874,2837.51,0,0
106467,109.303,1254.25,0,0
143728,311.501,3320.86,0,0
529290,52.7408,2193.42,11,1
74049.7,253.755,5317.82,0,0
172532,81.209,3498.66,0,0
269602,111.343,2886.53,0,0
167012,97.0579,1799.96,0,0
56727.7,227.991,2405.24,0,0
136110,24.6137,1203.8,0,0
80879.2,172.979,2205.64,0,0
316804,121.214,4147.6,3,1
225621,303.534,6337.11,12,1
54123.2,93.348,981.112,0,0
63226.2,142.59,1177.53,0,0
17966.9,200.42,1369.73,0,0
125256,225.86,2791.18,0,0
57327.4,265.199,3640.97,0,0
104958,164.484,828.433,0,0
189491,203.287,3695.24,0,0
309191,167.671,5567.62,18,1
357256,234.019,2371.63,6,1
190903,143.785,3235.59,0,0
75846.4,272.05,4074.4,0,0
151058,314.149,3391.01,1,1
96339.6,135.089,1677.81,0,0
154086,169.736,1191.63,0,0
153096,57.52,1832.76,0,0
3101.33,152.844,2786.19,0,0
617896,109.595,2808.74,14,1
70129.8,220.064,1712.8,0,0
36961.2,173.999,4788.7,0,0
102609,116.7,604.732,0,0
45157.7,141.996,4938.83,0,0
116135,91.4012,2636.14,0,0
139252,103.833,2897.22,0,0
16353.2,50.2551,837.229,0,0
123218,37.3361,3363.63,0,0
164214,103.338,2175.35,0,0
426901,193.65,1063.92,0,0
239710,84.7559,3164.45,0,0
223384,46.5873,1618.13,0,0
273561,63.0749,1794.41,11,1
8748.25,115.887,1885.3,0,0
56654.8,191.56,1475.36,0,0
61388.1,341.521,4765.69,0,0
30318.9,167.399,1271.02,0,0
61871.4,117.665,4924.8,0,0
153979,119.409,1661.39,0,0
96306.8,166.949,2302.65,0,0
63968.9,58.5134,1339.81,0,0
386634,83.4301,1529.01,0,0
43753,97.675,2464.64,0,0
60061,268.397,3199.3,0,0
36437.9,76.4214,728.17,0,0
113742,253.843,3355.65,0,0
39434,16.2555,535.099,0,0
131162,336.005,2785.28,0,0
83371.4,298.726,2130.49,0,0
199492,116.408,4181.49,4,1
193795,171.434,5403.1,0,0
56538.2,153.186,2970.39,0,0
163167,153.961,10724.8,0,0
156714,365.536,1722.39,0,0
51405,206.131,3895.48,0,0
175811,125.352,772.777,0,0
106790,160.925,1101.66,0,0
70283.5,313.87,1097.26,0,0
185020,88.7207,2138.84,0,0
227899,240.355,8639.85,7,1
549927,273.145,5691.26,18,1
58432.2,109.813,3074.39,0,0
64380.9,118.384,1179.57,0,0
146856,51.0336,2565.77,0,0
235047,44.6304,2444.09,0,0
51759.6,171.093,2919.9,0,0
680844,190.18,2216.2,4,1
72144.9,219.099,2435.92,0,0
300758,296.518,3427.02,11,1
272476,353.743,4471.24,9,1
75191.2,48.3127,4267,0,0
81113.6,127.823,1701.16,0,0
106281,64.7519,3326.89,0,0
52710.2,67.4043,1837.64,0,0
57297.4,67.6322,1953.87,0,0
63459,106.652,3260.86,0,0
73816,459.5,1649.32,0,0
72070.4,114.959,1814.12,0,0
118407,53.6744,1443.2,0,0
197617,128.695,2065,0,0
89629.9,171.456,3459.73,0,0
18661.2,68.3396,2244.27,0,0
8321.14,122.388,827.109,0,0
92360.1,106.997,2888.75,0,0
308980,127.371,826.803,0,0
56841.7,173.337,2886.66,0,0
103519,95.3341,3904.34,0,0
127153,214.468,3481.47,0,0
175886,77.4657,2694.22,0,0
69301.1,94.287,2279.2,0,0
172923,190.255,2026.82,0,0
229449,208.894,3600.56,0,0
118389,163.149,2215.69,17,1
435735,206.289,3980.89,0,0
452174,204.214,4408.34,0,0
100128,119.567,2351.89,0,0
6663.22,126.457,3243.26,0,0
182552,137.074,2123.33,13,1
245633,170.395,3374.93,0,0
102524,112.352,2225.3,0,0
162406,367.985,3217.19,0,0
284006,137.376,1400.74,0,0
192266,36.8402,3879.38,0,0
87177.3,253.446,2013.7,0,0
166899,36.6057,1011.15,0,0
47095.1,120.951,783.629,0,0
177200,265.591,3922.84,0,0
232092,106.2,3462.33,4,1
114273,183.474,1515.34,0,0
181439,142.754,2201.39,11,1
57499.4,60.2915,1621.08,0,0
29840.8,155.074,3189.52,0,0
100524,193.324,1205.33,0,0
376248,222.237,3933.02,14,1
111413,351.427,2494.26,0,0
128655,56.0485,1878.78,0,0
128247,170.952,2264.47,0,0
45153.4,151.834,2033.9,0,0
93910.1,219.334,1979.91,0,0
204104,99.1435,3155.77,0,0
112333,123.351,4152.1,0,0
180249,163.218,4645.28,0,0
202970,308.745,3556.02,0,0
59721.3,49.2478,2813.24,0,0
155646,50.1442,2898.73,0,0
922711,98.5276,2323.33,0,0
200691,192.463,2479.53,0,0
35394,209.281,856.895,0,0
133926,194.455,956.224,0,0
633192,143.773,3904.67,3,1
289296,131.434,3362.49,0,0
77138.9,173.019,1893.17,0,0
18281.9,62.4776,1233.9,0,0
135008,147.475,2065.85,0,0
49732.8,47.9506,1542.58,0,0
45377.1,179.143,1711.23,0,0
194010,106.424,2375.48,0,0
34796.2,44.1613,2828.53,0,0
338819,388.483,8633.04,7,1
16857,103.64,981.015,0,0
209751,137.283,2305.87,12,1
43667.2,54.8878,1723.13,0,0
75645.9,79.8311,1832.53,0,0
47469.4,200.149,833.546,0,0
164782,597.189,3438.87,3,1
81700.7,152.841,4095.5,0,0
94494.4,78.8779,4406.7,0,0
126606,188.918,3335.26,0,0
206570,148.906,3124.71,0,0
363987,265.824,3199.68,0,0
341258,217.843,3925.93,16,1
43052.7,167.994,2866.44,0,0
184486,232.623,2295.08,0,0
196520,355.615,2113,15,1
62906.2,183.153,2458.13,0,0
130379,57.7042,2182.85,0,0
52681.9,83.3375,1850.66,0,0
104308,62.0091,2211.22,0,0
596230,119.811,3812.04,0,0
55662.5,125.709,2375.4,0,0
293096,291.147,7908.7,0,0
74565.8,67.7733,2377.52,0,0
220881,107.951,2555.02,0,0
86248.1,108.325,1589.36,0,0
101098,84.4416,953.192,0,0
342384,120.242,1688.49,0,0
87884.9,65.7328,1708.75,0,0
149434,90.1431,2950.43,0,0
49593.8,38.1331,1244.91,0,0
50910,241.287,977.987,0,0
35829.6,108.721,1083.32,0,0
228361,168.1,2122.56,0,0
126855,311.943,3088.85,0,0
652923,256.752,6129.68,17,1
116220,48.8401,4133.41,0,0
56820.5,141.604,3657.79,0,0
595097,120.655,2913.05,19,1
266659,278.065,3089.47,0,0
56401.8,165.497,2890.4,0,0
329430,120.501,3739.35,0,0
20831.2,169.538,1107.94,0,0
39155.9,145.54,658.942,0,0
22172.2,45.1643,871.671,0,0
39397.1,35.8764,3138.53,0,0
67260.7,67.7814,812.448,0,0
417038,163.07,5147.28,12,1
58801.2,254.628,1350.43,0,0
144565,127.276,2035.45,0,0
95707.3,160.399,1036.83,0,0
136231,124.233,1992.46,0,0
74857.5,108.225,3803.33,0,0
132559,168.68,3812.32,14,1
87188.8,197.49,1459.55,0,0
175888,85.1616,2834.51,0,0
50214.3,131.476,1641.57,0,0
