115608,81.1072,1367.34,6,1
91552.7,82.7989,1767.1,0,0
48098.8,213.778,2107.4,0,0
192173,71.3069,10520,0,0
113000,192.528,2907.7,0,0
40389.7,69.6161,2232.04,0,0
416256,171.173,4488.05,11,1
143984,276.369,3715.39,0,0
41475.2,275.136,3704.77,0,0
90416.9,246.121,2199.29,0,0
120383,318.836,3025.42,0,0
260561,345.081,23160.9,-1,1
147321,103.014,2286.63,0,0
111804,62.8596,1842.18,0,0
610189,167.189,5322.18,0,0
657890,41.1617,819.585,17,1
287879,240.608,3651.86,0,0
8434.46,300.649,2098.61,0,0
54703.5,87.9275,840.84,0,0
3985.28,47.1994,815.992,0,0
70928.9,274.678,1398.26,0,0
122167,77.4899,2961.75,0,0
143614,106.53,2904.53,-1,1
113498,77.2014,2219.67,0,0
126717,190.939,4574.37,0,0
150161,156.624,2968.37,0,0
56816.2,226.699,2277.77,0,0
46601.5,99.1994,1947.87,0,0
220217,80.8487,1387.43,0,0
88877.7,41.8642,1257.1,5,1
108990,350.046,916.41,0,0
125319,364.894,2924.81,0,0
212433,172.453,2709.28,0,0
50707.7,170.796,949.193,0,0
119847,120.31,6192.41,3,1
64408.4,186.08,1181.06,0,0
80465.5,99.2821,2747.75,0,0
62206.7,62.8145,2840.01,0,0
127595,94.6386,3413.2,2,1
109712,103.335,1309.07,0,0
65129.6,125.547,2212.66,-1,1
510582,250.475,2868.45,0,0
33891.3,78.5159,1218.68,0,0
70437.1,26.6828,1907.54,0,0
438062,249.198,2961.06,-1,1
148504,67.7636,3044.53,0,0
6807.87,151.089,1523.01,0,0
56516.4,140.998,2103.29,0,0
164283,124.322,2123.99,0,0
310930,271.656,7981.34,-1,1
115334,368.083,2872.6,9,1
226360,94.4386,1674.8,0,0
111363,31.9315,2050.52,0,0
254227,194.409,2399.32,0,1
55528.9,231.79,3793.38,0,0
102896,40.1147,617.557,0,0
238721,288.238,3933.55,-1,1
128121,184.582,965.354,0,0
54009.9,75.1412,2045.64,0,0
124896,82.1846,4366.08,0,0
88310.8,138.647,2794.41,0,0
44593.3,187.548,1683.51,0,0
268162,377.975,6229.71,0,0
187496,205.364,3215.49,17,1
51784,64.2408,3201.15,0,0
97640.1,12.2524,578.579,0,0
173873,93.0091,3150.93,0,0
191779,229.869,2020.61,0,0
33780.1,167.596,2239.59,0,0
50873.3,255.428,2043.83,0,0
346495,142.198,1486.77,0,0
199128,276.813,2000.17,-1,1
415259,466.661,3710.33,-1,1
71832.4,47.6527,2662.97,0,0
146292,207.621,3601.87,7,1
87339.2,117.117,1652.22,0,0
76262.8,89.8086,1921.49,0,0
34561.7,212.638,1139.39,0,0
252244,174.446,3473.64,9,1
18888.5,56.6734,2142.2,0,0
103235,266.84,2136.29,0,0
217073,38.222,2580.95,0,0
167534,60.0786,3525.23,0,0
299107,221.876,5144.27,0,1
128067,107.152,5062.74,0,0
113951,76.632,1902.81,0,0
45172,34.8594,705.731,0,0
113673,106.788,2943.34,0,0
482815,51.9866,1486.74,0,0
127839,74.914,4441.21,0,0
161109,257.04,5341.25,0,0
40953.9,271.426,2570.93,0,0
102158,56.6502,2823.54,0,0
103041,311.573,4484.09,3,1
42914.4,107.237,1386.51,0,0
97800.9,113.174,3217.35,0,0
120701,102.174,5064.88,0,0
99377.3,69.1499,1646.64,0,0
77197.2,125.338,3452.1,0,0
103270,207.309,3372,0,0
46353.6,53.2244,13.9039,0,0
67574,105.995,1096.15,0,0
185757,145.909,1655.94,0,0
89650.7,65.411,4100.47,0,0
436742,297.74,21757.7,10,1
47847.9,153.238,1037.17,0,0
58001,263.248,2106.33,0,0
201401,115.5,2005.29,0,0
97146.2,150.901,1269.67,0,0
144342,252.895,1246.94,0,0
33722.9,51.9103,612.389,0,0
222455,161.373,3733.8,11,1
78111.9,170.817,1646.39,0,0
61981,150.485,2211.84,13,1
146781,257.87,2800.27,-1,1
147071,89.9849,874.368,0,0
151004,169.388,3730.81,3,1
5084.46,133.862,1221.62,0,0
35349.6,244.499,1046.09,0,0
125874,57.8824,804.239,0,1
26898.8,180.617,1981.71,0,0
597391,248.032,3178.42,7,1
336344,182.236,2084.95,6,1
531951,336.461,4912.17,8,1
269681,243.701,3092.93,0,1
257004,52.7061,2735.21,0,0
235939,172.669,1936.95,0,0
69065.7,58.2853,3482.82,0,0
147398,118.639,6014.18,0,0
99620.1,134.881,2108.1,-1,1
113801,194.562,1815.59,-1,1
64874.6,310.828,1966.97,0,0
31099.1,97.2906,1221.68,0,0
137002,232.18,4968.91,3,1
41021.7,141.25,2866.96,0,0
552529,110.057,5130.62,0,1
53674.8,128.735,1283.28,0,0
58702.5,113.124,2118.05,0,0
38819.8,99.7605,2387.99,0,0
86995.8,169.124,2670.08,0,0
77452.1,102.682,2893.73,0,0
89636.3,218.495,2242.68,0,0
527711,33.5959,2372.34,0,0
236159,201.137,1672,0,0
56204.9,139.602,445.516,0,0
69340.6,5.73136,1134.04,0,0
62966.2,130.99,3086.8,0,0
23153.9,163.017,825.927,0,0
947867,108.283,1809.38,8,1
63370.8,69.4685,1611.04,0,0
131117,233.623,1657.88,0,0
26074.9,75.2215,1970.57,0,0
31048.7,96.8977,1621.42,0,0
83475,143.456,1781.63,0,0
141151,116.054,2241.75,0,0
252565,187.76,2018.94,5,1
27402.2,93.8001,2669.8,0,0
42801,296.652,2187.8,0,0
381450,238.993,2365.22,5,1
207460,304.269,2503.26,0,0
210323,208.584,3362.09,0,0
1.0915e+06,73.7284,1399.58,0,0
17124.4,75.5863,812.364,0,0
62272.2,127.934,870.273,0,0
214367,76.9863,2297.28,0,0
82694,105.051,994.695,0,0
101722,223.015,2695.92,13,1
49921,40.2113,1668.65,0,0
107027,130.426,2261.42,0,0
116078,193.202,12034.6,0,1
83224.1,152.877,4018.71,0,0
218339,104.761,3914.51,6,1
186267,181.978,2478.64,0,0
204828,194.097,2531.03,0,0
59273.5,369.094,3930.9,0,0
256838,427.118,3531.51,0,0
232489,271.809,8245.67,-1,1
39850.1,372.026,2196.03,0,0
344574,126.763,3323.35,14,1
69764.4,73.1347,1964.61,0,0
60269,76.1855,2710.75,0,0
177274,120.605,3485.1,0,0
220256,126.545,1525.94,15,1
89314.6,50.7894,2054.9,0,0
124652,127.277,2899.15,4,1
172077,103.106,2465.02,0,0
277853,114.479,756.557,0,0
93996.9,65.0879,1568.38,0,0
131005,374.997,2100.39,0,0
493922,243.406,1854.41,0,0
187951,138.052,6156.56,0,0
65059.9,83.2917,2782.69,18,1
47113.2,148.644,878.757,0,0
109449,294.861,2020.04,0,0
169395,615.898,4309.88,19,1
96178.2,62.2486,2074.5,0,0
267142,42.5085,1623.75,0,0
30705.1,172.408,1516.22,0,0
86515.4,46.527,1958.31,0,0
169171,216.344,4609.15,4,1
83809.1,212.165,1006.55,0,0
114953,279.503,1269.5,0,0
705718,326.003,2772.27,0,0
116852,302.325,4202.73,0,0
80896,29.3367,2183.26,0,0
60972.8,201.056,2734.78,0,0
65394.2,115.702,5242.99,0,0
130410,211.628,3179.42,0,0
129554,116.415,2250.29,8,1
63941.9,31.6989,1890.32,0,0
32101.6,236.327,5302.59,0,0
111145,123.67,1698.99,0,0
175466,243.258,3481.89,11,1
8465.3,113.905,948.782,0,0
336193,156.859,2961.14,0,0
174252,43.4498,1430.21,8,1
30088.4,107.349,3963.16,0,0
71206.9,89.506,975.455,0,0
142362,66.9397,1182.91,0,0
438031,243.103,2332.16,0,0
5928.24,157.497,1335.63,0,0
101743,189.743,3876.83,0,0
46727.2,83.1982,2033.64,-1,1
43966.1,67.5795,2501.31,0,0
163996,79.7477,4027.36,0,0
193351,143.486,5778.39,6,1
102499,37.118,2719.83,0,0
58255.4,74.3864,2153.84,0,0
113080,211.627,1388.25,0,0
20504.8,130.115,5343.8,0,0
58983.5,128.69,3041.26,0,0
152068,115.024,1833.54,0,0
208761,167.268,3353.78,0,0
175185,67.9217,4650.89,0,0
177739,89.2311,1569.12,0,0
88744.4,80.9345,1878.1,0,0
95669.6,164.371,1066.48,0,0
146544,175.636,2691.37,9,1
45795,98.7486,1863.69,0,0
63976.1,109.342,3282.91,3,1
81770.4,44.195,1445.93,0,0
172741,175.006,2416.85,0,0
220826,187.95,3092.75,0,0
27200.3,65.0523,1958.92,0,0
42647.7,110.813,2205.83,0,0
234047,153.363,4866.47,0,0
284376,113.082,2172.37,-1,1
36824.5,33.6864,2721.78,0,0
218831,116.279,1429.89,0,0
82115,107.303,2492.26,0,0
121523,128.147,3432.19,0,0
174762,106.347,3183.07,0,0
197602,165.784,2610.34,0,0
78672.8,90.482,1735.96,0,0
145136,108.871,2167.34,0,0
97820.4,187.14,1462.38,0,0
188052,147.487,2201.56,-1,1
209254,123.654,2602.41,0,0
126692,108.204,1992.04,0,0
259956,106.146,3041.07,0,0
90976.3,291.938,2454.88,0,0
187081,192.732,3267.56,11,1
99569.6,98.1206,2520.36,0,0
43093.7,133.911,2173.11,0,0
308579,172.348,4191.59,0,0
25289.9,77.8998,2672.43,0,0
42133.7,74.7933,2110.51,0,0
36065.3,250.361,1544.62,0,0
153708,78.3886,1683.26,0,0
629321,941.079,10485.5,0,0
130976,66.2656,3092.06,0,0
226324,149.734,3335.31,0,0
62269.8,277.14,1101.17,0,0
31188.4,46.0253,2235.3,0,0
240494,194.936,4492.12,-1,1
65912.7,182.473,1942.98,4,1
110161,131.407,3338.87,0,1
425046,140.585,5637.51,3,1
162412,220.609,1121.59,17,1
225640,216.216,2707.24,0,0
82514,85.6227,4180.77,0,0
18341.3,39.4354,2306.86,0,0
115479,84.7219,4433.51,0,0
172206,182.296,3243.86,2,1
29295.7,168.256,673.396,0,0
856053,343.988,2929.85,17,1
14957,59.4035,1043.55,0,0
128414,195.882,1922.94,13,1
44597.3,34.8536,1586.3,0,0
44074,65.0443,2229.75,0,0
353941,133.594,5511.56,5,1
234081,245.119,2648.86,0,0
70805.4,131.415,2746.25,0,0
585663,245.77,4325.98,0,0
2717.09,212.295,1016.35,0,0
237041,56.9309,3455.61,12,1
352230,130.636,1824.84,0,0
139126,79.5137,3174.84,0,0
128671,113.42,2315.93,-1,1
315129,229.364,2375.35,0,0
234099,130.116,3852.03,0,0
63101.8,205.419,2112.75,0,0
195661,310.812,2263.25,13,1
81058.5,69.9778,891.314,0,0
286554,286.398,2118.26,14,1
160694,216.936,2800.7,0,0
60488.4,139.089,4330.43,0,0
229755,36.477,1594.41,0,0
295969,191.872,3992.58,5,1
136653,87.0852,1639.2,0,0
62059.1,137.736,2537.91,0,1
138427,131.427,4416.17,-1,1
105100,99.0568,1676.8,0,0
22097.8,242.12,4098.88,0,0
161720,38.997,2917.91,5,1
33899.6,119.814,3241.65,0,0
82672.8,194.163,2465.81,0,0
285198,223.507,10538.9,0,0
129515,180.721,2070.31,0,1
19153.5,107.657,1315.53,0,0
236637,134.79,4356.19,14,1
107414,101.001,1798.31,9,1
115737,162.242,1548.01,0,0
157500,94.2234,1351.52,0,0
117926,105.921,2103.99,3,1
21874.8,108.129,702.65,0,0
110739,46.7564,2095.96,0,0
121429,92.4078,1906.81,4,1
119007,136.146,2093.9,0,0
199616,92.6293,1747.45,0,0
420250,64,2298.61,0,0
108292,297.422,2242.98,0,0
23290,102.703,1513.72,0,0
212997,125.423,2393.34,19,1
64447.9,122.508,1625.33,0,0
99725,221.405,1733.73,8,1
141852,140.865,5762.2,0,0
24545.6,79.5572,3019.44,0,0
391518,90.19,2636.43,0,1
132948,136.899,2771.32,0,0
144638,147.196,1574.96,0,0
1.06278e+06,816.131,6996.17,7,1
342896,288.233,6548.25,10,1
175944,152.375,1009.53,0,0
84587.2,224.627,2019.61,-1,1
217623,194.858,3035.48,0,0
72445.5,153.408,1111.92,0,0
56488.7,150.561,2944.37,0,0
22766.5,34.8336,2207.73,0,0
95599.1,97.4563,1927.27,0,0
37884.8,67.448,3011.61,0,0
71080.7,166.738,3159.5,0,0
110739,120.407,3392.35,0,0
138347,619.107,3905.97,0,0
400512,120.65,2006.43,1,1
50123.5,299.705,3111.84,1,1
252259,122.682,2186.58,0,0
114122,112.278,2257.51,0,0
73415.2,35.4247,2204.77,0,0
168482,111.833,2370.07,8,1
253331,230.834,3731.06,0,0
87024.8,99.7725,3935.43,0,0
116844,51.9369,2974.67,3,1
115623,83.4318,2640.96,0,0
55919.8,209.959,1729.59,0,0
126732,113.367,2159.65,0,0
147125,48.5495,2978.94,0,0
422746,87.5803,4340.07,9,1
16791.9,64.9624,1278.95,0,0
113855,68.6811,2849.14,0,0
59146,242.22,1756.11,0,0
437.459,155.09,927.188,0,0
35582.9,100.936,3124.79,0,0
54621.2,35.5695,2515.65,0,0
128128,257.854,2257.11,8,1
305200,169.507,4887.94,-1,1
71176.9,156.67,2188.96,0,0
148150,139.051,1440.62,0,0
247632,42.7376,2596.3,0,0
137296,88.7396,2824.72,0,0
181997,126.794,8638.57,0,0
228208,154.652,1630.5,0,0
12025.9,63.8435,1586.45,0,0
811.4,433.24,6594.22,0,0
82295.4,328.966,1811,0,0
133009,274.839,2392.05,0,0
95006.6,93.991,2550.56,0,0
82772.3,131.878,3618.4,0,0
85248.3,76.6483,1882.97,0,0
68989.5,96.7318,2980.26,0,0
52283.7,242.752,1166.19,0,0
35719.4,108.837,1700.67,5,1
47098.3,173.83,1402.03,0,0
133873,150.088,2542.03,-1,1
86418.8,201.448,4105.69,0,0
191222,364.692,4307.48,0,0
170842,116.026,4089.74,10,1
66398.1,165.048,3927,0,0
2637.46,126.861,1767.03,0,0
605376,101.671,4610.47,0,0
121171,256.993,1925.3,2,1
90023.5,130.007,2980.51,0,0
109013,76.2208,1841.78,0,0
122103,272.356,5053.59,0,0
534389,175.887,4723.23,10,1
180490,139.947,7325.52,-1,1
286679,100.076,5241.54,0,0
7065.43,246.782,2499.5,0,0
102172,237.159,2577.34,0,0
283585,38.6243,1547.87,0,0
503737,190.816,3202.99,11,1
18630.5,140.668,1815.65,0,0
142936,130.625,3573.99,0,0
66952,102.755,1411.66,3,1
65742.7,38.091,1592.51,0,0
141246,195.318,3183.63,0,0
365961,246.639,3436.18,12,1
641131,230.174,4532.15,0,0
24041.2,50.4678,2021.93,0,0
92296.8,239.482,3834.07,0,0
81486.7,273.063,1089.64,0,0
289390,289.839,6335.81,4,1
83864.8,121.029,3111.35,0,0
51480.4,367.525,4824.28,0,0
155740,84.502,3399.39,0,0
390437,402.658,6318.64,11,1
428415,127.24,2624.05,13,1
23276.9,111.278,750.827,0,0
74899.7,156.512,2053.09,0,0
106421,172.932,1259.82,0,0
92910.8,131.499,4713.76,10,1
26313.6,18.2786,751.714,0,0
14053.2,110.598,3993.14,0,0
267704,173.158,4004.44,0,0
815567,247.853,6000.09,-1,1
139003,119.054,3236.12,0,0
184821,115.358,1901.23,0,0
135352,213.963,4642.61,7,1
147823,220.398,2634.21,14,1
119954,104.199,5474.1,4,1
62493,115.657,1310.12,0,0
596222,755.302,6717.69,-1,1
31009.6,114.397,2604.75,0,0
160333,114.346,2819.44,0,0
321038,141.605,6585.81,0,0
50347,106.244,1971.54,10,1
37944.6,174.008,1498.66,0,0
294303,260.689,5350.62,0,0
97696.7,243.06,2872.24,0,0
80127.2,57.8119,2557.15,0,0
55617.8,96.8364,3655.35,0,0
47582.4,158.947,3873.69,0,0
132928,172.163,2018.12,0,0
26541.7,55.0528,2391.07,0,0
145528,66.5695,1935.39,0,0
115165,114.552,2712.73,0,0
217358,253.653,1078.51,0,0
126510,70.2845,4420.64,5,1
93041.4,224.972,2032.08,0,0
59269.8,210.367,3838.92,0,0
66704.8,8.00127,1997.82,0,0
124432,322.351,1662.36,0,0
163165,127.113,5121.18,1,1
83703.2,338.296,1816.03,0,0
27369.5,71.5219,1233.8,0,0
71453.9,121.392,2205.72,2,1
94475.7,54.5738,2897.81,0,0
100185,283.665,1391.46,0,0
129870,135.261,2510.96,14,1
103257,116.779,1679,0,0
82187.1,207.922,3248.16,0,0
61585,165.358,1850.63,0,0
135165,171.269,2327.36,0,0
53839.6,54.7564,1172.69,0,0
167828,100.593,4627.57,0,0
95410.6,342.425,2013.67,0,1
47343,82.1703,1664.21,0,0
284075,170.128,2281.53,12,1
48866.3,142.645,2215.82,-1,1
103680,78.9916,2338.78,0,0
121333,45.9367,2058.65,0,0
54432.2,108.727,2520.1,0,0
253147,244.854,5650.26,0,0
2424.75,203.143,3068.61,0,0
151704,119.963,2586.57,8,1
104269,102.143,5175.44,0,0
1.00988e+06,110.247,2710.24,15,1
137026,222.325,4349.66,3,1
99517.6,33.1642,1645.78,0,0
84910.8,173.912,3106.97,0,0
106145,186.032,3391.96,-1,1
34330,114.273,2316.7,0,0
134693,166.58,3604.81,0,0
96418,81.8003,4446.3,0,0
76621.2,56.8985,1781.47,0,0
127695,135.343,3390.74,0,0
67850,272.764,2485.69,8,1
98781.8,72.82,2474.54,0,0
51005.4,217.533,1942,0,0
194206,363.42,2946.32,0,0
149640,115.127,3668.09,0,0
198164,63.3622,1686.37,0,0
769626,229.915,20418.1,4,1
89302.6,234.069,3509.11,0,0
482315,170.413,3162.89,-1,1
43058.7,194.965,2780.26,0,0
44174.7,125.342,3776.72,0,0
82782.9,172.436,881.953,0,0
100194,53.064,1603.16,0,0
208621,206.451,4912.23,0,0
86185.3,162.156,2547.99,9,1
77207.4,92.0664,4051.69,0,0
180286,375.069,3424.55,0,0
24270.1,90.8301,2185.6,0,0
34018.7,52.3363,574.219,0,0
148865,134.479,5811.3,0,0
104233,77.5428,1149.5,0,0
132958,249.877,2646.13,-1,1
160333,153.11,1496.96,0,0
79073.4,256.941,2614.7,-1,1
74538.9,191.753,2199.17,0,0
108444,128.826,1962.43,0,0
147781,222.228,2892.95,0,0
181772,167.157,5292.84,0,1
92530.4,132.902,3614.67,0,0
64105.4,109.623,2764.76,0,0
142886,252.851,2387.4,0,0
49812.8,121.856,2339.25,0,0
246721,312.507,4268.05,0,0
97174.8,116.181,1513.86,0,0
353383,243.177,1960.79,0,0
158349,207.441,3982.72,0,0
110297,356.942,1693.47,0,0
52282.4,100.667,3885.89,0,0
256580,104.758,2950.1,18,1
40066,134.78,1139.33,0,0
145993,291.531,4048.53,0,0
133633,416.852,3258.48,7,1
137739,73.4748,2660.85,3,1
399042,198.869,5645.08,6,1
58907.8,64.0883,6570.35,0,0
445040,276.344,3571.87,4,1
88790.5,64.1788,2971.19,0,0
327.234,135.294,2449.16,0,0
43519,66.228,2558.53,0,0
22941.7,167.082,1573.23,0,0
15130.2,36.9494,704.732,0,0
179075,1.54599,2975.08,0,0
49311.3,191.733,2044.6,5,1
77370.1,276.024,5539.6,0,0
110498,75.1089,2676.06,0,0
151247,124.381,1776.76,10,1
20474.3,170.681,2255.08,0,0
21477,214.476,23571.3,0,0
48894.2,51.6829,3296.19,0,0
107286,139.529,4855.86,0,0
120420,155.709,3235.73,3,1
76156.7,196.55,1297.65,0,0
59580.2,90.5745,1769.37,0,0
232905,207.83,1011.1,0,0
46485.8,263.417,2231.24,0,0
13897.9,248.399,771.37,0,0
844010,34.0857,1300.43,0,0
34561.5,78.1601,1179.26,0,0
237923,128.446,2176.29,0,0
146809,156.616,1555.21,1,1
109019,255.083,1413.33,11,1
146396,139.035,3369.67,0,0
203998,86.9922,2819.94,0,0
33926,119.145,973.229,0,0
247340,352.87,2656.07,15,1
325064,41.2642,1692.64,0,0
50932.3,76.4503,2431.07,0,0
146298,204.609,3284.46,0,0
127673,113.006,2616.44,0,0
109305,133.027,2098.05,0,0
306911,73.7043,1237.15,0,0
753712,183.52,3736.5,13,1
243978,111.455,3070.54,1,1
65554.2,73.9379,2209.9,0,0
143723,188.028,4609.12,0,0
84979.8,182.072,1596.11,0,0
187692,138.994,2067.7,10,1
49088.2,259.928,1369.71,0,0
74896.8,65.4335,1224.8,0,0
82569.8,82.3643,1251.32,0,0
584524,143.45,1609.88,4,1
66750.2,32.8622,1778.74,0,0
156717,112.341,2009.78,0,0
52194.2,168.907,1514.38,8,1
72657.2,33.1397,1400.06,0,0
61937.7,110.056,636.355,0,0
171590,93.4335,1666.66,17,1
205046,34.4003,2185.73,0,0
63420.4,120.981,3134.11,0,0
328951,161.907,23045.7,15,1
369361,71.62,1289.56,5,1
284877,186.534,4997.57,13,1
60403.7,149.492,1183.86,0,0
9925.69,309.836,4501.75,0,0
164225,102.433,2724.41,0,0
299349,122.163,2779.31,0,0
80363.7,226.532,1808.76,0,0
187106,182.871,1279.11,0,0
76128.8,84.8404,2510.09,0,0
50155,319.731,2266.56,0,0
28150.4,148.661,1699.87,0,0
162258,165.516,1804.05,0,0
133759,115.668,1907.89,0,0
222026,269.526,5452.17,14,1
58088.8,154.996,1432.13,0,0
100903,44.4957,3423.66,0,0
44318.3,141.579,2427.98,0,0
144612,77.2582,3184.67,0,0
76695.8,101.613,1664.74,0,0
286124,307.578,2553.13,10,1
117760,171.634,3285.22,0,0
338837,86.874,3370.7,12,1
85588.8,307.787,5435.58,0,0
61648.9,106.938,2149.32,0,0
112684,220.821,3418.41,0,0
85936.7,65.6114,3417.31,0,0
27544.5,132.64,5202.94,0,0
89344,83.4048,1918.94,0,0
455719,307.506,3379.03,5,1
49740.5,47.9284,1664.52,0,0
528133,228.133,2588.14,0,0
63593.3,285.188,1607.77,0,0
115758,324.955,3111.44,0,0
49045.7,154.744,263.973,0,0
116352,366.381,1353.25,0,0
209369,87.5118,1807.94,0,0
247119,96.6847,3974.29,6,1
135961,168.976,3046.27,0,0
72687,173.572,1464.35,0,0
31029.5,180.538,894.376,0,0
103862,64.2182,1079.02,0,0
36640,106.154,1112.63,0,0
30842,68.9159,954.155,0,0
98169.7,228.615,2697.85,0,0
74346.8,118.404,2534.21,0,0
59013.6,82.4662,2200.12,0,0
256911,230.067,3127.79,0,0
16712.9,41.866,670.961,0,0
126234,117.609,2218.72,0,0
79822.1,66.4446,4100.9,0,0
32530,83.5211,1386.45,0,0
40366.4,183.82,2663.03,0,0
105692,94.7784,5314.88,0,0
102344,71.1118,1338.29,0,0
26082.6,212.417,2168.01,0,0
101757,112.276,2233.1,0,0
672839,193.302,3876.5,8,1
187182,87.4568,1562.95,0,0
78596.3,183.369,3624.27,0,0
75454.1,82.9086,2578.21,0,0
49416.7,340.452,1722.92,0,0
275059,169.947,8376.93,0,1
87612.7,50.8318,3474.77,0,0
92209.7,130.034,2200.47,-1,1
202030,67.7997,1557.85,0,0
75452.1,45.6597,2413.86,0,0
266878,101.259,2879.71,2,1
48544.7,76.5231,1503.61,0,0
218850,36.3252,2275.25,0,0
140327,386.405,1653.58,0,0
22562.5,11.9181,788.206,0,0
191662,169.816,4428.15,10,1
112460,47.8828,1959.01,0,0
64018,192.817,1035.57,10,1
307051,41.3112,1499.37,9,1
485962,186.021,3528.01,1,1
203061,302.319,2081.34,0,0
79888.5,234.709,3552.73,0,0
2844.63,212.935,2483.14,0,0
90808.6,317.982,1846.26,2,1
134724,146.653,4170.39,-1,1
91295.2,133.663,4383.45,0,0
131473,201.527,3110.93,14,1
312502,153.142,3669.72,4,1
241544,38.345,5893.05,0,0
35650.2,81.6598,1337.62,0,0
68576.3,780.133,3620.06,0,0
77332.7,131.237,1321.28,0,0
74899.2,261.318,1809.73,0,0
343512,55.8655,3593.04,0,0
57854,245.339,2523.64,0,0
224088,273.811,2538.93,0,0
193714,126.906,4349.52,-1,1
154998,294.033,2109.97,0,0
165535,129.295,2331.27,0,0
82275.5,129.207,767.313,0,0
143930,51.2062,2207.12,0,0
195548,282.628,1772.32,0,0
224424,188.854,2332.73,0,0
48825.5,206.64,2813.79,0,0
64127.1,50.9157,1033.45,0,0
39318.4,131.293,1785.16,2,1
46707.6,297.859,832.993,0,0
10349.6,193.841,1282.82,0,0
188747,134.804,3864.93,9,1
76403.6,43.5388,2255.5,0,0
61811.9,102.03,833.924,18,1
231227,76.9855,1508.75,0,0
70201.4,76.8475,2422.04,3,1
148408,204.92,3178.3,-1,1
115093,178.569,6376.58,0,0
106874,187.55,3477.44,0,0
200570,70.3837,1829.15,0,0
90486.8,102.604,1087,0,0
119352,316.718,3880.81,19,1
143917,106.359,2522.76,0,0
129756,333.201,2058.96,-1,1
317263,101.809,2730.52,0,0
19931.6,43.9509,3686.96,0,0
324898,200.063,5687.87,0,0
43155.4,197.302,2120.48,-1,1
108738,87.5437,2441.32,0,0
96455.2,590.03,1848.4,0,0
37948,128.478,829.313,0,0
190472,69.1006,5341.53,0,0
57534.1,88.1271,3671.73,0,0
570794,62.9765,3691.99,0,0
418877,424.106,4591.75,18,1
229357,172.38,3241.02,0,0
77394.9,274.179,2047.66,0,0
53214.5,96.2256,3274.76,0,0
23006.4,16.5746,2607.2,0,0
112192,175.812,1943.64,0,0
28232.4,149.326,1135.14,0,0
63865.5,152.715,3813.96,0,0
57615.8,149.028,2492.73,0,0
211859,177.74,1812.33,0,1
809562,64.5774,4343.91,0,0
40525.1,494.769,1515.05,0,0
35615.9,98.917,1761.62,0,0
27230.2,167.581,2799.31,0,0
277530,188.89,5613.52,0,0
16237.6,234.76,2789.07,0,0
38621.4,128.741,3151.74,-1,1
15013.1,93.7523,1739.04,0,0
136773,175.202,3189.69,5,1
671934,165.086,4571.11,10,1
95729.7,292.415,1127.43,0,0
501616,126.716,5097.54,13,1
303368,250.643,6499.52,7,1
170505,83.9909,2675.04,0,0
1.21003e+06,224.298,2970.6,7,1
114189,321.129,1935.65,1,1
31773.9,37.3822,1815,0,0
136029,83.5561,2690.94,5,1
123998,80.0653,2041.44,0,0
38730.8,254.474,1437.43,0,0
91973.9,225.008,3218.56,0,0
33947.9,56.2593,760.051,0,0
37620.7,49.3715,779.549,0,0
15613.7,145.173,1656,0,0
136897,274.177,3376.77,10,1
144482,94.4787,2252.11,0,0
99530.4,97.0559,1135.71,0,0
88923.3,77.7185,3699.66,4,1
73190.5,79.0307,2022.1,0,0
13391.4,74.1659,1370.32,0,0
38056.8,88.4214,1844.45,0,0
41971.3,113.962,2042.18,0,0
85687.6,341.747,1056.43,0,0
16165.7,4.16193,570.332,0,0
150696,370.561,1901.78,0,0
146937,45.5885,2719.5,0,0
102384,124.947,2130.14,0,0
43473,176.32,1024.44,0,0
104606,97.9539,2795.89,9,1
108804,209.253,4672.69,0,0
40642,80.4474,1064.24,0,0
463842,133.926,3809.44,19,1
14197.5,205.533,3638.7,0,0
93262.2,85.9449,3035.49,0,0
63343.4,351.488,3121.79,0,0
151731,119.334,4177.6,5,1
337750,97.9696,2019.57,-1,1
412117,238.515,2604.69,0,0
171296,249.202,4598.86,17,1
341252,198.356,4784.17,11,1
56000.8,77.1914,1800.06,0,0
42753.5,369.593,5332.13,0,1
205484,162.705,2065.68,0,0
250208,201.641,4639.15,0,0
47630.7,102.661,3097,0,0
49398.3,252.13,3972.84,0,0
191793,56.2097,1350.95,19,1
136032,8.28732,2695.22,0,0
10093.3,151.535,1749.71,0,0
328911,240.855,1807.32,0,0
242484,271.9,11564.1,6,1
135338,193.231,2230.2,1,1
162185,206.783,1152.49,0,0
118295,78.0379,2136.62,0,0
540390,100.088,1365.71,15,1
71304.2,42.6809,2473.59,0,0
243580,376.22,3283.26,6,1
410881,414.447,3079.05,-1,1
416374,161.303,2310.57,-1,1
20580.3,128.594,3733.47,0,0
431298,371.659,1687.72,14,1
36706.2,243.11,2412.35,0,0
85147.6,156.318,3552.03,0,0
85974.4,113.063,3173.04,0,0
41480.2,124.112,975.138,0,0
190952,95.3612,2669.91,0,0
494490,58.6524,2693.07,18,1
94189.6,66.7613,2269.99,0,0
54801.6,207.373,1877.73,0,0
92760.8,168.368,2214.02,0,0
199830,72.4529,1369.54,0,0
134631,84.4715,1040.98,0,0
72400.4,93.2236,1040.22,0,0
51025.8,173.591,1034.67,0,0
82105.9,113.867,1314.45,0,0
93892.5,261.857,3838.59,0,0
166613,44.4119,2151.98,0,0
452907,121.555,1534.95,15,1
216925,359.05,3090.77,0,0
52890.6,275.456,1657.25,0,0
502255,112.909,3589.83,13,1
226271,181.508,2997.12,0,0
130425,202.866,4600.21,0,1
498520,194.703,4736.54,0,0
179337,118.924,1513.62,0,0
422379,290.076,4336.46,12,1
92767.3,58.9112,1864.72,0,0
7381.26,94.1706,896.019,0,0
364442,236.523,3648.86,3,1
350399,229.372,3939,-1,1
187460,127.722,2312.46,0,0
1038.56,132.629,3451.81,0,0
160917,207.562,4654.3,11,1
212890,140.811,1079.97,0,0
214900,167.254,2028.96,0,0
12581.3,163.019,2130.98,0,0
55959.1,272.562,1673.87,0,0
98237.1,89.8272,2637.41,0,0
16709.3,238.16,928.604,0,0
70184.3,135.332,1231.32,0,0
82316.4,356.438,2720.47,0,1
280112,137.043,2347.38,0,0
185848,237.006,3158.48,0,0
166248,95.2216,3803.26,0,0
238129,127.447,2578.97,10,1
68165.8,231.095,1840.57,0,0
38909.9,269.506,2114.68,0,0
11106.7,215.104,677.289,0,0
12859.4,65.7774,1436.13,0,0
112161,84.5082,2616.3,9,1
18056.2,84.0398,1631.91,0,0
223616,309.671,2653.5,0,0
168376,38.481,2889.18,0,0
77063.5,591.352,5272.66,0,0
109924,247.561,1888.76,0,0
545370,63.1664,2989.31,0,0
69821.5,132.247,2397.88,3,1
119520,233.835,3485.46,2,1
245232,104.78,3498.83,0,0
88922.1,104.54,1035.31,0,0
170779,137.306,2130.73,15,1
579611,115.366,1284.55,14,1
172381,187.108,3654.01,7,1
259316,54.0968,3202.67,0,0
180380,281.135,5523.9,-1,1
90721,166.388,2241.73,0,0
73233,154.364,1345.25,2,1
103208,138.322,4798.84,0,0
307792,299.805,3415.72,0,0
137239,184.424,3353.25,0,0
89594.7,258.202,4066.17,0,0
251521,135.152,2383.04,0,0
372674,173.39,3330.18,-1,1
26366.9,148.825,1904.99,0,0
121043,124.829,2294.99,0,0
800925,179.786,1260.13,1,1
157847,76.205,2526.96,0,0
95515.7,72.7628,1807.37,0,0
72403.5,41.4638,1714.49,0,0
93580.5,281.831,1632.62,0,0
1.05181e+06,34.3531,1541.58,15,1
105514,498.257,2374,0,0
65842.1,104.636,3153.25,0,0
98609.2,144.028,2491.9,0,0
179441,329.666,3027.95,14,1
54419.6,140.854,1484.42,0,0
8654.36,47.5038,566.805,0,0
164448,100.129,2929.28,0,0
122743,247.334,2296.94,0,0
41782.2,106.502,1522.55,0,0
34232,50.606,1986.98,0,0
93407.6,100.717,2406.62,5,1
249198,481.673,6641.32,0,0
29203.4,46.174,895.062,0,0
427396,211.579,2782.13,0,0
63576.6,367.847,1711.19,0,0
86668.7,257.295,2980.65,-1,1
97988.1,215.706,2681.17,0,0
305822,76.2313,963.025,0,0
16685.8,212.135,2643.54,0,0
261322,120.308,1974.83,0,0
96190.9,109.236,2107.93,0,0
331273,67.157,1638.31,5,1
154118,61.1656,2333.4,-1,1
83864.2,92.0693,1435.58,0,0
184888,94.6646,4261.6,0,0
47535.2,50.2288,1410.09,0,0
158580,140.473,1199.14,16,1
91623.5,172.43,1811.1,0,0
67200.4,66.7562,1426.45,0,0
126326,135.765,1517.91,0,0
74048.1,195.817,1733.18,-1,1
110102,374.665,3316.63,0,0
387255,99.9376,2982.11,0,1
131382,87.8018,1951.74,0,0
68905.1,4.64594,551.928,0,0
117173,117.306,1132.83,0,0
95244.8,48.5697,1545.27,0,0
31047.1,105.016,794.828,0,0
412240,67.8452,4100.28,0,0
130296,41.6748,1893.89,0,0
278168,156.25,4972.51,15,1
83517.7,75.9242,1448.97,0,0
3010.98,115.128,1316.2,0,0
74906.4,231.24,1955.94,0,0
82426.2,150.718,3473.24,0,0
185209,374.577,3226.11,13,1
172277,134.445,2683.31,0,0
111991,36.2628,1301.92,0,0
169908,144.27,1655.93,0,0
288273,223.447,2462.35,6,1
68308.8,84.6633,2812.88,0,0
86745.7,100.658,3304.68,0,0
601652,59.7063,5374.25,0,0
419709,145.422,2741.57,10,1
20545.6,53.2336,1186.34,0,0
344152,416.794,2221.01,16,1
1230.75,427.35,3045.59,0,0
64225.1,174.017,1942.28,0,0
166125,208.384,5138.75,0,0
221693,124.015,2588.87,11,1
172934,66.2874,1738.34,0,0
135437,118.202,2352.22,0,0
51579,281.226,2064.72,0,0
308010,88.1452,1828.32,15,1
252088,188.62,17369.2,0,0
361338,88.2747,3253.52,0,0
125975,45.1824,2403.64,4,1
154849,227.987,1820.2,0,0
241592,161.952,2830.24,7,1
106947,260.375,4520.38,0,0
201006,64.2657,4496.3,0,0
67514.9,68.1515,2082.98,0,0
116940,430.818,2799.13,-1,1
356766,283.995,3865.53,3,1
74280,157.833,1776.38,0,0
304642,292.972,4120.1,0,1
158911,201.603,1672,0,0
14913.4,56.4504,1097.81,0,0
68732.2,36.1767,1319.19,0,0
81386.1,72.0821,1292.56,0,0
157845,20.9445,996.417,0,0
82280.7,160.76,1659.98,0,0
82705.2,387.787,2920.41,0,0
84605.2,248.165,2078.99,0,0
34469.9,22.4343,1396.7,0,0
176104,111.123,3983.19,0,0
161917,71.5318,1563.55,0,0
67649.2,134.489,2305.8,0,0
49561.9,84.2563,2874.67,-1,1
108729,154.072,3959.31,-1,1
41913.9,245.825,1882.33,0,0
255467,92.0092,1539.35,17,1
78124.2,53.1577,2526.69,0,0
126576,147.349,5082.53,0,1
200599,200.634,4891.08,0,0
318.543,50.408,1229.54,0,0
24932.3,89.5153,2331.52,0,0
525436,430.159,3290.69,-1,1
74737.3,65.4286,3426.7,0,0
20774.7,38.13,3274.07,0,0
134707,31.9099,2063.71,0,0
396408,389.541,5439.05,10,1
291992,199.086,2644.82,-1,1
14102.6,140.635,3246.48,0,0
61425.3,350.006,1191.6,0,0
194512,312.176,10670.1,10,1
88803.1,150.518,829.597,0,0
19064.5,218.787,1618.88,0,0
47031.9,336.794,1477.23,0,0
72282.1,156.384,2954.45,6,1
160365,321.819,2004.83,0,0
394541,154.773,2537.66,5,1
134723,172.803,2988.87,0,0
179448,312.401,3485.36,0,0
140187,185.109,2173.39,0,0
383631,298.266,4122.68,9,1
