66249.9,305.762,1103.1,0,0
185217,126.146,4934.85,0,0
150616,46.9151,936.886,0,0
81733.7,304.82,1935.92,0,0
150566,237.152,3052.4,4,1
82145.8,167.256,1480.08,0,0
390346,34.9889,1608.73,15,1
28489.4,118.613,2431.04,0,0
211460,174.851,1840.11,14,1
57824.2,166.592,1641.9,0,0
79939.1,177.315,1753.12,7,1
187704,155.712,2644.34,15,1
77800,124.812,1520.97,0,0
414023,77.8297,2095.18,4,1
402780,114.286,3041.6,-1,1
25016.8,99.4503,1039.9,0,0
96218.6,347.733,2407.19,0,0
20946.2,81.6806,4873.57,0,0
507909,73.6675,1634.63,4,1
68537.1,365.476,2217.23,0,0
11777.7,71.7702,1037.2,0,0
58108.1,64.9325,1546.28,0,0
271785,172.821,2565.31,10,1
31796,54.111,696.276,0,0
195336,589.918,2773.98,5,1
193917,77.9187,2367.03,3,1
590743,277.763,3837.44,18,1
61455,151.833,3502.12,0,0
28496.9,60.5222,1854.39,0,0
185731,184.688,5309.62,0,0
49972.3,239.732,1337.63,0,0
34410.4,132.635,3656.68,1,1
238990,77.1546,3447.57,11,1
22848.3,97.3592,988.597,0,0
12876.9,215.841,1060.54,0,0
141332,362.405,2037.02,6,1
194994,90.4514,2649.83,0,0
185309,270.841,1906.68,0,0
123054,151.335,2178.62,0,0
165161,101.65,5893.53,-1,1
53541.6,92.0642,2691.07,0,0
190157,138.167,3475.63,0,0
134177,106.691,2660.71,5,1
134716,180.647,1961.12,0,0
204321,68.127,2106.3,0,0
198502,153.041,1986.19,18,1
65085.9,269.244,3256.75,0,0
48370.8,43.8438,1380.82,0,0
227972,45.7046,2917.68,0,0
152099,98.2565,56208.2,0,0
12470.9,73.7938,2747.55,0,0
89247.2,68.3249,2976.38,0,0
221644,148.373,4618.97,0,0
99483.4,152.482,2330.44,0,0
26913.3,134.634,2988.31,0,0
264764,173.24,3181.95,7,1
59689.3,134.791,2259.46,7,1
86586.8,138.642,2158.17,0,0
105539,92.5903,5595.33,0,0
168941,118.389,4225.07,0,0
102318,302.508,1984.78,0,0
188121,36.0573,1552.93,0,0
215082,40.8064,2201.66,0,0
78449.5,89.5061,1219.1,0,0
282981,111.806,2516.57,11,1
144524,81.7725,2527.5,0,0
227123,155.086,2696.28,-1,1
331155,149.007,2350.83,0,0
64872.6,302.219,1832.24,0,0
132862,123.696,5189.53,0,0
67933.1,108.204,3743.1,0,0
26853.7,129.939,1523.92,0,0
150547,300.303,3889.54,0,0
96804.4,134.178,3263.68,-1,1
118958,245.272,1924.58,9,1
112941,174.418,4510.39,0,0
90153.1,93.1826,4240.68,0,0
110260,214.638,4424.97,0,0
77476,99.7381,1702.96,0,0
175397,112.645,2722.08,0,0
41861.1,161.279,2960.04,0,0
84856.4,95.2908,2266.18,-1,1
121359,132.187,1917.48,2,1
97139.3,79.6146,3853.4,0,0
140680,79.7,3161.34,-1,1
41369.2,35.7143,894.834,0,0
109634,92.6557,2813.06,0,0
151017,133.052,1715.76,0,0
377204,186.523,2253.47,0,0
28687.6,80.0778,863.522,0,0
74566,186.774,2378.72,0,0
119057,195.523,2982.31,0,0
61411.5,248.645,4620.27,0,0
176932,176.585,2676.32,0,0
87735.5,164.914,4073.54,0,0
406335,201.426,6740.85,18,1
73118.6,85.5603,872.603,0,0
102225,168.747,1622.8,6,1
314679,63.5031,1676.88,0,0
105678,198.836,2592.9,0,0
53953.2,40.8834,371.65,0,0
1.03984e+06,313.069,14358.1,0,0
136469,153.439,2675.72,0,0
2806.35,290.974,4060.01,0,0
159988,154.529,2469.41,8,1
50340.4,203.265,1058.43,0,0
734860,161.84,5271.16,-1,1
31301.1,182.125,1205.15,0,0
16794.3,94.3031,304.356,0,0
282736,317.143,4835.42,14,1
238568,43.9839,2108.22,0,0
103704,230.911,3247.2,13,1
69632.7,200.287,2001.08,0,0
161169,84.8026,2836.53,0,0
47110,65.3365,2456.52,0,0
130587,113.727,2271.63,0,0
61418.3,95.4152,3006.54,9,1
119526,388.524,2917.33,-1,1
343245,101.573,2433.05,0,0
317702,121.696,3500.89,5,1
304396,82.3555,1570.33,0,0
100446,236.689,1117.28,0,0
118880,81.5503,1885.24,0,0
167464,146.071,5668.19,0,0
228474,63.5904,2699.5,0,0
116162,177.328,5955.22,3,1
42389.4,120.625,3167.39,0,0
185582,117.542,3381.68,11,1
342857,161.249,3129.18,0,0
67717.4,35.5119,2041.49,0,0
96063.9,109.603,2337.65,-1,1
97296.8,78.8732,2138.58,0,0
38438.6,102.626,821.662,0,0
38326.8,149.449,1960.78,7,1
485.996,157.395,1564.05,0,0
118004,57.1229,2384.38,0,0
1.21559e+06,305.529,2050.09,10,1
40732.5,165.195,2969.92,0,0
11618.4,151.376,654.323,0,0
85355.2,141.936,1194.82,0,0
109509,138.102,2466.96,-1,1
160776,78.1873,2867.73,0,0
195967,137.884,1032.54,16,1
136660,208.033,2668.78,0,0
2714.11,238.815,2051.15,0,0
86342.4,340.974,1490.47,0,0
23083.3,124.819,1922.63,0,0
31452.6,37.6431,1973.04,0,0
61719.6,251.887,2044.71,0,0
99407.1,84.9895,2986,0,0
86314.6,197.037,1275,0,0
81727.5,200.969,4668.75,2,1
54927.4,89.3306,3720.07,0,0
182091,168.9,2678.37,0,0
324763,141.788,2226.51,0,0
365890,110.549,2946.26,0,0
104048,177.185,4921.76,16,1
63406.5,215.942,843.9,0,0
61179.6,51.5372,2920.53,0,0
42559.2,84.6505,3368.72,0,0
92424.4,180.275,2685.9,0,0
321451,321.647,1696.61,17,1
3829.05,73.8286,863.028,0,0
586612,386.369,2695.96,0,0
319883,201.505,2761.37,2,1
30017.3,184.61,1890.79,0,0
93656.7,16.8904,2175.09,0,0
162029,92.7547,2641.75,0,0
98878.7,203.844,4229.81,0,0
188842,69.442,2600.27,0,0
109022,202.047,3707.33,0,0
222454,447.391,3899.6,0,0
150791,372.75,2241.49,0,0
20976.6,311.789,2914.74,0,0
216194,154.24,3990.1,0,0
98502.3,133.8,1792.67,0,0
220686,152.476,1545.84,19,1
49636.2,150.796,3991.2,0,0
1601.01,220.405,927.748,0,0
31140.8,139.351,1885.34,0,0
10882.7,51.7542,2374.55,0,0
160548,94.1338,1375.39,0,0
62448.4,50.5962,2126.11,0,0
98230.8,223.222,3485.86,0,0
205539,23.359,2987.25,0,0
123704,280.646,5115.79,0,0
288900,180.626,3105.44,0,0
163091,77.2655,4854.95,0,0
89540,78.4492,820.167,0,0
164194,235.905,5172.01,19,1
240547,60.8289,2747.09,0,0
98976.3,292.772,2565.45,0,0
114923,2.28633,2068.78,0,0
51162,56.3706,777.376,0,0
9095.14,216.693,1592.23,0,0
133134,97.0962,3222.45,0,0
27707.3,196.602,2792.23,0,0
200324,279.065,2502.45,0,0
131704,205.142,3212.43,0,0
358924,116.768,1268.6,0,0
141740,311.799,1988.86,0,0
10482.3,44.0063,2167.51,0,0
197718,35.8496,2128.47,0,0
93773,120.771,1668.37,0,0
156373,314.711,4481.26,0,0
93379.1,122.866,1344.93,0,0
20348.5,42.487,513.591,0,0
223061,155.662,2741.41,0,0
44622,96.3081,4808.77,0,0
105472,241.407,2534.22,-1,1
99050.2,31.0974,2366.22,0,0
499103,172.837,4674.91,5,1
124855,180.325,4549.43,0,0
84713.5,66.9384,3703.86,0,0
92712.9,353.778,1797.12,2,1
122354,163.663,1923.55,0,0
48285.3,231.022,3336.29,0,0
354550,209.452,1596.92,3,1
64604.3,73.9684,2571.99,0,0
248848,297.599,2698.44,0,0
60345.1,148.219,536.961,0,0
251523,135.924,862.398,0,0
42189.2,391.375,1625.5,0,0
515673,83.3599,2877.17,5,1
142310,142.021,1667.58,0,0
175390,415.821,2702.23,0,0
85211.9,209.584,2161.45,0,0
119864,101.109,2239.2,0,0
131628,297.806,3368.38,8,1
78346.9,158.753,1862.14,0,0
67881.7,63.3212,2406.23,0,0
1896.23,48.9214,1973.65,0,0
57125.3,77.2608,859.65,0,0
9183.34,268.17,1672.02,0,0
222638,121.691,1736.51,0,0
117891,202.487,2515.4,0,0
138303,149.862,3086.3,0,0
236023,127.759,2422.11,14,1
85042.8,190.583,4037.69,16,1
234700,31.8724,2677.17,0,0
55014.2,366.001,1601.89,3,1
61707.7,100.109,1639.63,0,0
120804,138.778,2148.18,14,1
77116.2,90.1022,1780.6,0,0
107443,83.3919,1267.98,0,0
370508,183.059,4659.85,3,1
146850,253.761,2355.49,0,0
92969.6,31.9638,2033.87,0,0
231458,296.602,2715.5,0,0
149430,115.159,4609.46,4,1
117707,198.476,4427.02,14,1
294218,167.873,3651.01,14,1
131370,84.5162,3770.92,0,0
103580,110.476,1949.55,0,0
236163,187.323,1709.22,0,0
60589.2,202.662,2592.3,0,0
65076.2,265.278,1807.7,1,1
61046.2,40.1695,1989.61,0,0
348368,63.6057,5235.18,-1,1
28292.1,137.275,2403.32,0,0
262628,337.729,2203.75,0,0
168875,63.99,1836.39,0,0
120771,303.309,2313.44,0,0
175882,184.543,2666.91,0,0
19901.9,99.1619,1390.9,0,0
158629,62.18,3910.9,0,0
158397,88.0938,1362.14,0,0
192710,96.692,3363.97,-1,1
119881,165.14,1234.26,0,0
87425.8,152.195,3837.48,0,0
202465,41.8937,1379.04,6,1
155155,84.6528,4075.41,5,1
168076,86.1871,3267.63,0,0
113645,274.727,4640.28,7,1
350389,176.843,4588.31,0,0
88952,87.3441,3414.11,0,0
330383,42.8825,1601.98,0,0
67543.4,80.3247,2068.89,0,0
139339,58.38,889.89,0,0
3144.76,235.825,750.254,0,0
88020.8,280.502,1283.99,0,0
18092.5,276.853,1544.88,0,0
373845,83.1057,1628.97,0,0
102566,155.671,5403.28,0,0
40316.7,101.191,776.425,0,0
318467,71.2535,3543.84,0,0
54106.6,129.081,1139.64,0,0
121767,110.444,2439.62,0,0
417573,120.039,6306.47,0,0
54067.5,158.032,2734.23,0,0
164737,70.7633,4122.82,4,1
37870.5,95.1875,1327.21,0,0
56439.5,154.505,2411.77,0,0
147835,102.53,1606.62,0,0
125569,342.645,4280.94,0,0
94259.6,243.933,11045,-1,1
83125.6,132.329,3093.92,0,0
75824.5,140.154,2215.79,0,0
1.14484e+06,32.6258,1138.19,0,0
287056,65.996,3045.56,0,0
280.388,55.0941,2932.36,0,0
50712,63.3216,1710.64,0,0
79219.4,90.3531,1439.21,0,0
119972,41.0547,1106.34,0,0
87116.1,254.365,4446.65,0,0
524064,246.638,4032.8,1,1
159417,191.834,2720.98,10,1
661311,153.536,3837.66,-1,1
217307,159.899,1108.68,18,1
215187,239.068,3991.87,0,0
328698,111.198,3381.68,5,1
142178,174.188,2293.81,0,0
362777,173.417,5933.91,0,0
22328,124.268,2349.02,0,0
102168,80.7404,2029.54,0,0
160728,117.724,2675.11,12,1
71333.8,270.257,1116.94,0,0
222490,154.783,4574.76,0,0
161660,112.619,2055.52,0,0
44630.2,45.2763,2471.37,0,0
52771,10.7419,543.917,0,0
130175,259.048,2404.31,5,1
237169,38.7813,4209.98,0,0
86399,256.263,3400.56,0,0
327083,197.042,2014.1,10,1
79376.3,120.847,4079.28,0,0
103899,56.8866,2937.48,0,0
404866,119.133,1544.36,11,1
26689.4,71.2932,1365.99,0,0
265079,210.644,5437.85,7,1
366426,82.016,2715.48,0,0
380605,61.3221,1741.62,0,0
42166.8,143.711,4902.61,0,0
20528.5,51.052,2021.55,0,0
101310,58.3926,1549.05,0,0
131655,207.436,6499.27,0,0
27817.9,163.467,687.22,0,0
52205.4,156.783,1463.16,0,0
174590,260.819,1922.54,0,0
138405,249.358,4516.89,0,1
86656.1,95.2818,3203.93,0,0
137795,152.546,4457.93,0,0
171889,41.2742,2368,0,0
103970,191.829,3076.52,0,0
2.27065e+06,158.564,2521.34,18,1
198746,222.412,1880.23,13,1
207460,34.4848,2062.4,0,0
103955,267.197,4742.75,0,0
202757,84.4222,917.952,0,0
143734,133.125,2162.52,0,0
26923.8,153.054,3839.36,0,0
114306,36.0857,3044.04,0,0
190067,221.513,6088.78,0,1
126729,51.9391,2363.72,0,0
131747,144.881,2392.16,4,1
44075.4,113.825,3730.96,0,0
434746,105.036,4440.67,9,1
9831.85,263.123,1605.38,0,0
105074,201.282,4151.3,0,0
39862.7,192.411,1430.92,0,0
331340,162.477,3405.67,-1,1
49811.8,53.4933,1465,0,0
198617,91.8822,2248.37,18,1
25584.6,167.298,1520.29,0,0
98493.9,95.56,882.74,12,1
176965,298.146,5814.51,0,0
1150.52,229.303,3159.46,0,0
135408,53.5516,1398.47,0,0
52218.3,85.5199,1779.58,0,0
50876.5,61.8251,2423.21,0,0
43267.7,68.4259,1908.99,0,0
109705,97.4715,3162.85,0,0
22028.6,131.573,3217.87,0,0
86824.8,36.3164,1487,0,0
79444.5,78.3944,2406.06,0,0
60639,202.721,2362.03,0,0
101234,102.498,1996.78,0,0
207762,120.794,1904.77,0,0
368494,93.2321,2796.77,0,0
180541,152.03,1926.52,0,0
280799,159.133,2653.66,0,0
111392,142.86,2705.84,2,1
268933,264.331,2855.8,15,1
73398.2,143.091,1429.95,0,0
108706,112.077,2942.58,8,1
108354,67.5153,2039.75,0,0
308349,318.876,2801.11,19,1
46925.6,86.7928,1685.1,0,1
79724.7,303.155,1221.15,0,0
118397,102.009,3165.62,-1,1
80177.1,35.9248,2793.51,0,0
33985.7,81.5242,4015.1,0,0
94063.6,264.397,1312.41,0,0
108004,280.656,2529.23,0,0
468535,202.713,5050.31,17,1
222767,192.146,1633.21,18,1
81642.7,178.921,2308.7,0,0
355540,91.4478,3191.77,0,0
143437,106.517,2213,-1,1
163387,200.349,1942.76,11,1
88049.4,163.441,1664.64,0,0
142915,143.534,3321.21,0,0
177999,186.565,4979.09,0,0
65620.3,92.8715,2323.42,0,0
312786,159.514,1563.64,8,1
215596,44.7037,1278.11,0,0
66788.2,385.226,1548.52,8,1
65250.2,39.494,1115.83,0,0
13660.3,182.695,2148.26,0,0
127277,373.354,2133.38,0,0
197274,183.224,4220.06,10,1
88665.9,100.138,4367.77,0,0
219591,151.522,3295.5,-1,1
240990,469.537,4283.79,18,1
194588,149.821,18930.3,17,1
354810,58.6251,1346.27,0,0
396202,107.412,2647.05,2,1
125848,76.8117,2497.4,0,0
175645,202.727,3378.56,17,1
118490,154.206,3070.68,0,0
38792.3,179.365,2150.28,0,0
142852,382.552,1568.15,0,0
105236,92.1063,1279.21,0,0
192962,267.411,1275.63,0,0
161468,276.599,4725.11,8,1
252020,240.462,4166.94,10,1
161301,360.045,3783.96,0,0
67487.8,134.291,1492.86,6,1
117066,308.908,2619.97,0,0
156826,180.511,1830.23,0,0
187728,100.267,2909.12,0,0
121738,168.096,2080.09,16,1
68285,238.974,1743.28,0,0
81024.5,271.434,1111.82,0,0
43395.9,36.5484,1254.12,0,0
81648.7,92.6453,2136.35,0,0
42562.3,153.752,1217.99,0,0
48121.3,147.703,3785.62,0,0
96367.6,68.62,1856.87,0,0
18147.2,233.484,4077.41,0,0
76666.9,214.036,957.218,0,0
104072,39.9498,6849.43,0,0
87521.2,146.888,369.065,0,0
85449.6,209.139,1138.09,0,0
93888.4,81.4365,3508.68,0,0
45075.6,58.071,2153.1,0,0
50065.3,264.366,2262.87,0,0
33183.2,68.082,2220.25,0,0
124799,188.154,2414.47,0,0
180942,98.859,2932.06,0,0
151763,122.842,2124.05,0,0
83339.5,137.228,2362.93,16,1
73627.6,122.28,4233.04,0,0
172633,170.179,2792.05,0,0
38180.7,170.344,1036.48,0,0
495721,4.49261,1403.25,0,0
49652,165.057,3471.55,0,0
106165,399.073,2767.6,0,0
98139.3,250.543,2542.96,0,1
750643,114.47,1995.04,9,1
85052.2,40.449,3706.75,0,0
154758,95.7589,3573.32,0,0
63074,107.549,2016.94,0,0
321135,172.477,3815.85,7,1
139355,183.425,4336.09,0,0
104409,43.4063,6630.33,1,1
91624.7,118.158,3411.94,1,1
92022.8,119.434,1742.77,9,1
113102,119.733,5185.85,-1,1
140918,93.7259,1202.58,0,0
364322,132.82,22232.8,16,1
308757,259.395,5878.04,0,0
198784,64.3305,2410.28,18,1
215431,150.008,1393.42,0,0
46362.2,91.2711,1535.47,0,0
66866.6,151.716,2458.49,0,0
148893,172.788,2270.87,0,0
219405,94.9232,1902.65,0,0
47007.9,188.995,1148.85,15,1
53550.4,92.6861,2601.69,0,0
67625,59.1998,3880.51,0,0
120986,167.596,3141.38,0,0
23676.9,133.56,761.654,0,0
39951.4,41.2192,2718.21,0,0
162692,116.156,1956.45,0,0
114374,266.573,1736.13,0,0
478717,124.194,4680.96,0,1
111601,109.598,3868.55,0,0
98668.1,0.924254,1137.12,0,0
37619,137.544,1129.59,16,1
71442.9,144.834,2654.76,0,0
130092,44.8131,1247.54,0,0
13714.6,130.025,605.784,0,0
5533.51,31.8066,2578.03,0,0
131117,165.967,3595.29,0,0
259183,443.182,4265.98,15,1
151823,186.472,5049.11,0,0
179201,62.5703,2177.41,0,0
94239.5,106.672,4879.82,0,0
78404.6,140.987,1112.37,0,0
328408,114.164,2567.74,0,0
49968.8,140.373,1818.46,0,0
62882.5,275.648,1402.41,0,0
148745,169.89,3328.17,0,0
129538,11.9183,1528.94,0,0
93597.9,71.5405,2741.26,0,0
96721,155.173,1314.76,0,0
108561,47.7537,2568.23,0,0
91592.2,52.8193,2211.33,0,0
68599.7,33.5991,2595.12,0,0
887147,454.926,4502.69,0,0
101185,890.705,9116.97,0,0
176068,168.315,1239.61,0,0
71769.4,55.0411,1643.57,0,0
14765.1,123.614,2358.48,0,0
104106,110.094,2770.83,0,0
181143,151.955,3321.76,8,1
259594,250.776,4466.35,6,1
83087.6,118.401,1553.05,9,1
550342,206.777,4450.58,0,1
310056,64.9024,3455.77,0,0
253487,227.164,3091.74,0,0
121149,50.927,1118.61,0,0
586579,159.376,4505.86,15,1
197402,63.9116,2482.42,0,0
332030,227.497,3886.65,5,1
297061,142.252,4869.08,0,0
76011.4,100.908,2709.6,-1,1
178010,74.3852,2773.35,0,0
975679,46.5609,893.706,0,0
29718.7,187.499,1803.67,0,0
60418.6,95.1177,2162.89,0,0
590108,105.947,991.45,5,1
95890.4,56.1982,3442.38,0,0
47434.3,341.992,2687.97,0,0
120840,75.7835,2980.27,0,0
77143.4,210.361,3430.54,-1,1
112289,145.922,2484.78,0,0
146266,279.514,1780.31,0,0
83828,91.4415,3269.72,0,0
145047,35.421,1512.63,0,0
51299.4,74.9,2168.43,0,0
178238,163.591,5301.6,13,1
98958.6,99.7179,2012.9,0,0
86271.7,253.362,3314.3,0,0
109832,60.9514,3480.44,0,0
40783.6,198.661,2320.76,0,0
159699,771.616,4885.68,1,1
116136,423.24,2856.26,-1,1
59401.5,185.763,651.969,0,0
37627.7,99.7508,2603.45,0,0
146834,170.73,2305.88,0,0
77296.8,227.131,2279.47,0,0
12336.9,85.6549,1235.13,0,0
439294,192.308,5095.98,0,0
108573,162.439,1382.06,0,0
189734,179.814,3642.39,12,1
258584,292.505,3558.5,0,0
110602,172.618,3216.97,0,0
26165.8,232.041,3053.34,0,0
111048,70.9625,2612.78,0,0
108341,91.1789,1985.5,2,1
248879,215.633,2279,0,0
129702,172.184,885.765,0,0
55115.5,132.383,762.326,0,0
44355.7,53.7848,1609.13,0,0
174755,40.0089,2215.63,0,0
153755,222.477,5852.33,0,0
28933.6,170.359,1061.04,0,0
134874,142.674,1116.86,0,0
10146.5,80.8198,2837.36,0,0
107429,183.542,2299.16,-1,1
121785,79.6936,2209.39,0,0
95189.7,156.545,2606.44,0,0
270593,190.589,4309.99,1,1
222486,83.8152,1597.92,0,0
133535,102.908,1539.7,8,1
154449,139.938,9266.51,0,0
577989,153.401,1999.79,19,1
122091,162.603,2430.5,-1,1
206958,315.571,2637.81,0,0
150419,157.185,2334.08,0,0
145516,180.84,2234.74,12,1
141500,84.4187,1985.83,0,0
68910.8,79.7663,2610.77,0,0
123900,264.631,2626.45,0,0
48695.7,483.666,1681.73,0,0
64011.5,98.132,1285.69,0,0
99615.5,198.898,2233.32,0,0
89286.7,241.252,1884.31,0,0
127572,109.085,2783.36,1,1
167477,248.719,2631.02,17,1
31104.6,394.12,2026.77,0,0
347235,99.765,2050.51,-1,1
272438,100.535,3178.67,14,1
192093,348.237,5922.35,12,1
87066.1,169.79,1294.69,0,0
885111,215.966,2703.55,-1,1
418237,246.794,2904.08,8,1
90164.7,82.866,2497.75,0,0
104932,214.765,3215.57,19,1
80562.7,51.3567,1913.72,0,0
39260.1,81.9551,1797.53,0,0
174227,190.985,2905.62,0,0
94438.7,164.844,2165.84,0,0
171299,434.604,2303.7,0,0
23699.8,136.696,2308.78,0,0
156593,111.399,1346.66,0,0
8663.66,365.277,1796.74,0,0
124959,123.229,1926,3,1
84899.6,100.047,1571.54,0,0
21377.1,45.1072,3647.71,0,0
69305.2,162.823,2713.33,-1,1
242156,276.747,1593.53,0,0
114281,67.6457,1217.16,-1,1
65313.5,138.16,1943.86,0,0
135063,293.201,2848.73,0,0
378775,65.9862,3511.23,17,1
132446,49.8733,1037.66,0,0
81120.6,324.675,988.7,12,1
42312.5,146.593,1178.07,0,0
129252,201.207,2225.98,0,0
410486,111.482,5642.86,10,1
78103.2,57.3832,2035.85,0,0
530650,115.8,3274.31,0,1
434090,86.167,5351.73,-1,1
37924.7,260.186,1769.39,0,0
46933.8,118.941,4130.28,0,0
170457,154.584,2274.49,12,1
78581.3,196.777,2925.34,0,0
90962.5,219.781,2269.04,0,0
236380,131.269,4573.78,-1,1
41530,116.306,1300.74,0,0
160758,328.959,4024.21,0,0
29108.4,115.478,905.734,0,0
129089,92.9063,2520.57,0,0
617068,185.888,1337.61,8,1
13406.8,108.477,824.308,0,0
649.982,90.7151,2695.24,0,0
45454.6,9.50491,1908.63,0,0
180137,54.8384,1496.15,0,0
77835.1,72.0018,2851.64,0,0
76222.5,142.113,2137.1,10,1
22263.1,69.0326,1564.94,0,0
115771,226.587,2890.59,0,0
76513.1,56.7157,1493.41,0,0
128694,434.97,6274.56,0,0
43265.1,66.2546,769.873,0,0
177593,90.5109,1981.17,0,0
495950,167.041,6126.06,0,0
115037,116.226,2508.96,0,0
128956,33.2387,1933.97,0,0
137706,37.0612,1497.34,0,0
64812.4,820.575,3597.88,0,1
34280,134.045,1461.31,0,0
267924,173.129,1416.18,6,1
135632,146.951,1514.13,-1,1
68961.6,214.859,4312.1,0,0
198201,176.851,2788.45,0,0
4574.4,94.4896,4678.27,0,0
156315,201.142,2080.81,0,0
182148,192.21,3776.32,0,0
104012,101.009,1538.31,0,0
225212,185.91,4789.4,4,1
93435.8,121.577,2754,3,1
555.264,75.5926,885.717,0,0
204636,121.9,1312.07,0,0
125064,266.131,3317.87,0,0
135366,223.974,3825.91,0,0
270773,108.985,2997.93,0,0
105273,181.971,2152.36,0,1
86070.2,183.21,3826.57,13,1
12105.8,136.617,1715.49,0,0
184220,116.408,5176.78,0,0
334189,111.223,4182.97,-1,1
54422.6,168.29,1524.03,0,1
21710.8,176.08,521.171,0,0
70319.4,76.466,2919.69,0,0
63254.4,374.75,1298.62,0,0
134285,134.081,1460.18,0,0
218827,60.8578,1613.48,0,0
5394.9,143.714,1897.32,0,0
1.07122e+06,81.046,1343.63,0,0
498271,127.545,2735.23,0,0
156850,102.498,1833.88,16,1
192915,172.809,3304.87,0,0
39841.5,73.8239,1311.25,0,0
127199,74.0478,1667.48,0,0
176292,199.906,6232.16,0,0
77624.7,73.0456,3224.53,0,0
14650.8,80.662,1334.25,0,0
47292.8,85.3242,4621.68,0,0
119486,107.33,6485.08,6,1
125813,108.483,1392.45,0,0
319171,124.441,2184.5,0,0
126696,149.938,2966.26,0,0
72788.6,128.535,2189.04,1,1
16790.5,43.8135,1207.99,0,0
98125.4,92.9647,4055.74,0,0
11772.1,73.463,2154.19,0,0
130861,279.419,2699.83,0,0
20696.2,95.6891,889.608,0,0
36089.5,300.753,2006.62,0,0
170043,275.322,5117.93,0,0
83168.1,143.683,1385.24,0,0
151390,309.603,3620.25,0,0
92284.5,289.489,2246.67,0,1
84717.8,218.619,4293.52,0,1
133848,200.54,1707.28,-1,1
50429.1,133.354,2410.51,0,0
360749,103.847,1915.49,0,0
129279,71.4703,945.687,0,0
157292,75.7339,2932,2,1
83894.4,67.552,2393.25,0,0
122629,37.2534,1516.51,0,0
150888,119.774,2036.97,17,1
539472,264.043,3985.57,19,1
334536,146.401,4260.26,0,0
29100.1,214.534,2640.3,0,0
753604,307.8,5140.54,-1,1
29748.3,351.804,1284.66,0,0
87774.5,41.3508,1743.48,0,0
139211,219.239,1932.44,0,0
359412,251.698,9112.31,18,1
125956,190.205,3467.46,12,1
845176,87.1667,2437.89,0,0
391442,146.227,1535.95,2,1
71698.9,280.835,3702.41,0,0
236937,108.833,4251.14,3,1
110604,68.466,2885.82,0,0
532398,92.6861,5364.53,3,1
196615,116.354,2351.81,0,0
159456,258.999,9710.21,5,1
57764.4,367.982,2101.02,0,0
917308,201.898,20835.7,2,1
101025,259.003,3258.96,-1,1
144210,231.785,2894.74,0,0
462578,86.9147,3347.22,-1,1
38500.2,71.7572,1224.43,0,0
350823,167.844,2557.68,16,1
205581,45.3666,2389.79,0,0
20501.8,90.5674,2544.19,0,0
81068.3,63.3426,1029.49,0,0
25584.1,51.2231,2763.7,0,0
90217.6,85.7117,3436.31,0,0
71152.9,107.852,1961.17,0,0
45189.7,69.685,2477.27,0,0
18574.8,61.0709,1045.07,0,0
46959.8,117.245,751.489,0,0
441261,350.043,1956.45,15,1
15323.9,202.192,2517.07,0,0
119748,128.641,2568.5,0,0
56296.7,258.293,5484.72,0,0
155592,168.318,1709.69,16,1
127970,125.301,2277.77,0,0
108208,91.6845,2093.97,0,0
158630,71.8399,2416.59,0,0
63448.2,83.2322,1782.79,0,0
63201,101.307,850.164,0,0
269962,138.282,1562.66,0,0
12870.5,48.7128,3791.64,0,0
46865.5,106.598,760.201,0,0
131173,291.857,2072.97,0,0
88194.4,113.808,1415.62,2,1
46766.7,322.29,2446.69,0,0
86127.5,172.414,3122.37,0,0
3416.87,58.1989,12682.5,0,0
124489,104.625,1563.92,0,0
244866,121.351,1598.68,3,1
253703,228.12,5950,2,1
256873,64.9299,3124.89,19,1
137807,123.208,2339.77,11,1
94519.3,106.526,4916.51,-1,1
21374.2,267.437,1697.51,0,0
57853.6,182.885,2279.25,1,1
62073.3,229.935,2173.59,0,0
116470,121.358,2642.67,0,0
119748,65.4108,1747.03,0,0
63545.3,217.113,2126.13,0,0
128623,117.964,1568.36,2,1
422713,553.237,25549.9,7,1
50746.4,384.089,2070.53,0,0
172662,94.3981,987.227,8,1
83216.7,152.802,10651.2,0,0
241761,176.433,1765.52,17,1
112101,161.519,732.899,0,0
50970.2,117.781,1922.77,0,0
38362.4,127.076,1073.74,0,0
68408.3,123.099,1444.32,0,0
179958,244.517,2385.76,9,1
497849,242.218,3103.44,16,1
429661,248.775,4785.48,0,0
124838,249.611,1637.01,0,0
54770.9,384.291,1916.87,0,0
171840,213.899,3618.61,0,0
166690,219.333,3259.09,0,0
202573,149.492,3852.55,0,0
184316,184.051,2699.12,10,1
84279.4,213.411,2443.05,0,0
63459.4,75.6856,2084.33,0,0
90032.4,287.243,1532.51,0,0
35791.7,305.054,2005.56,-1,1
144088,45.9077,1156.13,0,0
91033.4,77.3967,2471.26,0,0
247953,123.213,1987.47,-1,1
37117.5,146.868,1456.51,0,0
109691,109.19,1712.38,5,1
78587.5,215.931,3203.55,0,0
177691,151.187,2071.25,0,0
108506,195.689,3424.9,0,0
226138,143.866,2023.69,19,1
132172,175.554,5483.85,2,1
78092.4,72.6147,6055.84,0,0
241686,169.209,2009.63,2,1
524111,171.199,4184.75,17,1
74774.1,38.1458,1203.56,0,0
58358.8,49.7159,1337.77,0,0
423181,57.4488,1224.73,5,1
40721.5,38.7105,1490.83,0,0
633735,186.334,3266.8,-1,1
211637,106.074,3059.34,0,0
179381,200.851,2811.59,-1,1
32612.7,144.579,3960.01,0,0
46957,123.394,1424.56,0,0
142880,202.984,3445.46,-1,1
119858,55.9912,2588.19,0,0
119737,440.287,3643.44,0,0
200006,70.7247,1748.57,17,1
321043,172.457,2158.28,0,0
69301.5,39.7209,1263.98,16,1
35474.5,203.859,2408.34,0,0
79564.2,244.689,2201.79,0,0
234661,73.0608,3675.97,13,1
39703.8,84.4014,2083.79,0,0
257101,133.13,2451.21,-1,1
53996.3,172.234,1747.49,1,1
73830.2,210.688,1999.6,8,1
140204,40.9233,2473.12,0,0
252873,237.322,1582.14,0,0
98553.6,163.916,1130.14,2,1
116608,380.431,2953.62,0,0
61045.6,105.048,4543.34,1,1
19147.2,39.457,932.039,0,0
142832,88.5754,1524.77,0,0
34311.3,60.4951,920.017,0,0
308852,229.969,2802.77,0,0
46590.7,188.173,1809.32,0,0
103188,74.6187,828.557,0,0
86178,265.162,6359.78,7,1
13018.8,56.482,1125.85,0,0
60349.7,192.667,840.466,0,0
86359.8,43.6581,4406.75,0,0
3123.69,120.512,564.931,0,0
183133,219.036,3653.71,14,1
147694,362.19,2333.15,0,0
122814,403.223,2931.89,-1,1
52969.8,140.046,1312.15,0,0
231858,207.733,2943.32,19,1
78690.8,183.762,1045.6,0,0
106055,34.6412,6743.95,0,0
219329,111.981,2844.93,10,1
126129,146.914,3229.78,12,1
179894,99.6089,3557,16,1
24824.6,119.707,2721.59,0,0
93671.1,165.61,2366.99,0,0
133311,208.358,11227.6,0,0
251674,326.995,4572.02,18,1
116257,254.527,3243.99,0,0
114185,266.837,3842.81,6,1
33742.9,179.551,3155.83,0,0
44695,97.8893,1667.77,0,0
246599,132.675,5913.18,17,1
68768.4,57.7988,1588.87,0,0
24670.3,79.5858,862.939,0,0
137230,131.808,2077.91,0,0
120004,182.356,1893.25,0,0
273939,35.6101,3539.57,0,0
42325.1,44.3097,2236.54,0,0
175209,47.0285,2967.06,6,1
192132,305.395,3608.7,17,1
74398.1,128.209,2194.55,0,0
40903,85.5497,559.291,0,0
84628.7,233.284,1475.35,0,0
124143,190.309,2167.15,0,0
187053,86.4633,1838.69,11,1
56918.7,149.671,979.14,0,0
92395.5,84.8397,2713.7,10,1
521999,75.016,4363.85,0,0
27574.2,186.739,1148.96,0,0
122726,239.189,4479.42,-1,1
258049,241.374,1708.65,13,1
42253.4,77.3921,5145.52,0,0
240139,206.905,2433.08,0,0
270887,360.019,3509.59,13,1
54066.7,96.5673,1692.15,0,0
104411,322.048,6481.1,0,0
38527.9,161.262,1845.93,0,0
121280,241.628,3223.3,-1,1
37738.6,185.58,808.489,0,0
58764.8,273.004,1313.33,0,0
134714,91.7134,1720.15,0,0
92351.8,186.216,1504.14,4,1
62968.5,122.303,3538.53,0,0
148658,85.0317,1633.71,13,1
53054,284.259,1972.86,0,0
55471,187.398,1856.23,0,0
51831.8,85.6718,1302.8,0,0
774125,210.354,4569.6,-1,1
60837,74.0098,1086.32,0,0
206106,3.67235,2717.89,0,0
61009.9,178.578,5427.91,0,0
93979.6,119.738,2474.63,0,0
110779,119.938,780.098,0,0
103544,54.3655,6612.22,0,0
131736,41.2578,1585.22,0,0
183662,145.052,4819.36,0,0
269252,160.534,1288.09,0,0
151251,231.097,1700.27,5,1
108994,148.95,2003.52,0,0
232336,107.271,1963.86,0,0
201312,174.017,3459.07,4,1
43452.3,282.175,2001.55,0,0
132180,120.895,2696.49,0,0
284157,222.447,3313.33,0,0
200021,269.664,2437.74,15,1
117008,34.5445,1362.58,0,0
84603.4,102.603,546.572,0,0
293035,205.577,9574.69,12,1
118824,367.232,2689.68,0,0
65007.6,140.238,2179.59,0,0
193157,292.21,4102.39,0,0
35012.3,132.321,984.629,0,0
91916.2,59.4394,936.403,0,0
175681,148.589,2296.52,11,1
164046,79.9898,5736.98,0,0
37305.4,204.247,1067.8,0,0
287537,302.084,4433.82,7,1
51041.5,167.736,2660.47,0,0
73103.2,103.983,3251.69,0,0
177689,57.182,1881.1,0,0
153542,84.4394,3029.03,0,0
189728,108.848,1399.29,16,1
106739,122.386,3163.32,0,0
136196,180.257,4167.3,5,1
29753.7,483.771,1554.81,0,0
142837,99.8076,2751.08,0,0
42167.1,139.819,1377.46,0,0
68706.3,130.274,2969.38,0,0
158725,219.933,2031.28,0,0
59293.8,165.072,3994.88,0,0
21389.6,153.516,1766.76,0,0
425196,215.283,6463.82,0,0
213071,571.86,3067.53,0,0
161421,118.878,2365.75,0,0
28066.1,44.0655,1926.3,0,0
338792,235.57,3567.13,16,1
266547,104.539,1773.01,0,0
1.17579e+06,2.05297,2671.59,0,0
169359,127.156,3760.93,0,0
106218,221.708,2936,5,1
74044.7,55.5189,1071.87,0,0
20440.2,97.8475,2295.88,0,0
168046,33.3234,2699.97,0,0
55226.2,151.982,1802.16,0,0
141090,145.004,3180.45,-1,1
74250.2,6.00642,1835.38,0,0
24884.6,172.312,1689.04,0,0
50303.9,143.137,1431.85,0,0
236241,219.605,2959.68,0,0
31699.3,171.42,1436.55,0,0
126091,178.965,1965.21,0,0
169802,95.1701,3729.59,0,0
225928,101.025,751.607,0,0
250829,128.679,3429.35,16,1
125975,126.46,3239.81,3,1
360204,136.813,4456.85,15,1
87291.9,101.072,2271.28,0,0
81123.2,51.9792,3842.19,0,0
98696.4,142.336,2123.29,0,0
114187,103.19,1445.08,0,0
99394,162.926,1208.39,0,0
127985,170.323,2234.31,0,0
98789.8,141.772,2226.53,2,1
199333,117.691,2292.73,11,1
156760,172.855,4194.02,0,0
45472,122.895,1735.16,0,0
101843,138.228,2265.96,0,0
145526,257.321,3829.93,0,0
229431,120.581,2613.32,-1,1
147276,144.024,1520.9,0,0
15438.8,69.9668,3553.48,0,0
412535,114.029,4859.78,1,1
206776,133.338,3127.77,10,1
141843,127.417,1736.33,0,0
154479,234.182,762.923,17,1
65373.7,83.4653,725.256,0,0
95335.8,179.219,4677.71,0,0
86278.8,49.2507,1726.33,0,0
95899.8,175.371,1223.7,0,0
90136,93.6275,2452.51,0,0
